Model_Original,Brand,Year_Extracted,Screen_Size_Extracted,Weight_kg,Energy_kWh_Year,Repair_Score,Eco_Score_Target
13-inch MacBook Air (M1 CPU) 256GB - 2020,Apple,2020.0,14.0,4.1344562068965525,30.0,6.0,61.120000000000005
13-inch MacBook Air (M1 CPU) 512GB - 2020,Apple,2020.0,14.0,4.1344562068965525,30.0,6.0,59.519999999999996
13-inch MacBook Air with Retina display (1.1GHz dual-core CPU) 256GB - 2020,Apple,2020.0,14.0,4.1344562068965525,30.0,6.0,60.08
13-inch MacBook Air with Retina display (1.1GHz quad-core CPU) 512GB - 2020,Apple,2020.0,14.0,4.1344562068965525,30.0,6.0,57.84
13-inch MacBook Pro (1.4GHz quad-core CPU) 256GB - 2020,Apple,2020.0,14.0,4.1344562068965525,30.0,6.0,56.64
13-inch MacBook Pro (2.0GHz quad-core CPU) 512GB - 2020,Apple,2020.0,14.0,4.1344562068965525,30.0,6.0,53.92
13-inch MacBook Pro (Four Thunderbolt 3 ports) 1TB - 2020,Apple,2020.0,14.0,4.1344562068965525,30.0,6.0,50.16
13-inch MacBook Pro (Four Thunderbolt 3 ports) 512GB - 2020,Apple,2020.0,14.0,4.1344562068965525,30.0,6.0,53.92
13-inch MacBook Pro (M1 CPU) 256GB - 2020,Apple,2020.0,14.0,4.1344562068965525,30.0,6.0,59.2
13-inch MacBook Pro (M1 CPU) 512GB - 2020,Apple,2020.0,14.0,4.1344562068965525,30.0,6.0,57.44
13-inch MacBook Pro (Two Thunderbolt 3 ports) 256GB - 2020,Apple,2020.0,14.0,4.1344562068965525,30.0,6.0,57.040000000000006
13-inch MacBook Pro (Two Thunderbolt 3 ports) 512GB - 2020,Apple,2020.0,14.0,4.1344562068965525,30.0,6.0,55.36
13-inch MacBook Pro with Retina display (2.7GHz CPU) 128GB - 2015,Apple,2015.0,14.0,4.1344562068965525,30.0,6.0,38.88
14-inch MacBook Pro (M1 Pro 10-core CPU and 16-core GPU) 1TB - 2021,Apple,2021.0,14.0,4.1344562068965525,9.833333333333334,6.0,55.49
14-inch MacBook Pro (M1 Pro 8-core CPU and 14-core GPU) 512GB - 2021,Apple,2021.0,14.0,4.1344562068965525,9.833333333333334,6.0,58.370000000000005
14-inch MacBook Pro with 64GB,Apple,2021.0,14.0,4.1344562068965525,9.833333333333334,6.0,60.61
15-inch MacBook Pro (2.3GHz 8-core CPU) 512GB - 2019,Apple,2019.0,14.0,4.1344562068965525,30.0,6.0,43.2
15-inch MacBook Pro (2.6GHz 6-core CPU) 256GB - 2019,Apple,2019.0,14.0,4.1344562068965525,30.0,6.0,45.839999999999996
15-inch MacBook Pro with Retina display (2.2GHz CPU) 256GB - 2015,Apple,2015.0,14.0,4.1344562068965525,30.0,6.0,34.0
16-inch MacBook Pro (2.3GHz 8-core CPU) 1TB - 2019,Apple,2019.0,14.0,4.1344562068965525,30.0,6.0,36.8
16-inch MacBook Pro (2.6GHz 6-core CPU) 512GB - 2019,Apple,2019.0,14.0,4.1344562068965525,30.0,6.0,42.480000000000004
16-inch MacBook Pro (M1 Max 10-core CPU and 32-core GPU) 1TB - 2021,Apple,2021.0,14.0,4.1344562068965525,9.833333333333334,6.0,48.45
16-inch MacBook Pro (M1 Pro 10-core CPU and 16-core GPU) 1TB - 2021,Apple,2021.0,14.0,4.1344562068965525,9.833333333333334,6.0,49.489999999999995
16-inch MacBook Pro (M1 Pro 10-core CPU and 16-core GPU) 512GB - 2021,Apple,2021.0,14.0,4.1344562068965525,9.833333333333334,6.0,52.13
16-inch MacBook Pro with 64GB,Apple,2021.0,14.0,4.1344562068965525,9.833333333333334,6.0,56.05
21.5-inch iMac with Retina 4K display (3.0GHz 6-core CPU) 1TB - 2019,Apple,2019.0,14.0,4.1344562068965525,30.0,6.0,34.0
21.5-inch iMac with Retina 4K display (3.6GHz quad-core CPU) 1TB - 2019,Apple,2019.0,14.0,4.1344562068965525,30.0,6.0,34.0
24-inch iMac with 4.5K Retina display (M1 CPU and 7-core GPU) 256GB - 2021,Apple,2021.0,14.0,4.1344562068965525,9.833333333333334,6.0,41.57
24-inch iMac with 4.5K Retina display (M1 CPU and 8-core GPU) 256GB - 2021,Apple,2021.0,14.0,4.1344562068965525,9.833333333333334,6.0,41.17
24-inch iMac with 4.5K Retina display (M1 CPU and 8-core GPU) 512GB - 2021,Apple,2021.0,14.0,4.1344562068965525,9.833333333333334,6.0,40.05
27-inch iMac with 5K Retina display (3.0GHz 6-core CPU) 1TB - 2019,Apple,2019.0,14.0,4.1344562068965525,30.0,6.0,34.0
27-inch iMac with 5K Retina display (3.1GHz 6-core CPU) 1TB - 2019,Apple,2019.0,14.0,4.1344562068965525,30.0,6.0,34.0
27-inch iMac with 5K Retina display (3.1GHz 6-core CPU) 256GB - 2020,Apple,2020.0,14.0,4.1344562068965525,30.0,6.0,34.0
27-inch iMac with 5K Retina display (3.3GHz 6-core CPU) 512GB - 2020,Apple,2020.0,14.0,4.1344562068965525,30.0,6.0,34.0
27-inch iMac with 5K Retina display (3.7GHz 6-core CPU) 2TB - 2019,Apple,2019.0,14.0,4.1344562068965525,30.0,6.0,34.0
27-inch iMac with 5K Retina display (3.8GHz 8-core CPU) 512GB - 2020,Apple,2020.0,14.0,4.1344562068965525,30.0,6.0,34.0
Apple Studio Display with tilt-adjustable stand,Apple,2021.0,14.0,4.1344562068965525,9.833333333333334,6.0,40.05
iPad (10th generation) with 64GB,Apple,2021.0,14.0,4.1344562068965525,9.833333333333334,6.0,74.29
iPad (9th generation) Wi-Fi + Cellular with 64GB,Apple,2021.0,14.0,4.1344562068965525,9.833333333333334,6.0,74.05
iPad (9th generation) Wi-Fi + Cellular with 64GB,Apple,2021.0,14.0,4.1344562068965525,9.833333333333334,6.0,74.05
iPad Air (5th generation) with 64GB,Apple,2021.0,14.0,4.1344562068965525,9.833333333333334,6.0,73.65
iPad mini (6th generation) with 64GB,Apple,2021.0,14.0,4.1344562068965525,9.833333333333334,6.0,74.61
iPad Pro 11-inch (4th generation) with 128GB,Apple,2021.0,14.0,4.1344562068965525,9.833333333333334,6.0,72.05
iPad Pro 12,Apple,2021.0,14.0,4.1344562068965525,9.833333333333334,6.0,69.25
iPhone 11 128GB,Apple,2021.0,14.0,4.1344562068965525,9.833333333333334,6.0,73.89
iPhone 11 256GB,Apple,2021.0,14.0,4.1344562068965525,9.833333333333334,6.0,72.93
iPhone 11 64GB,Apple,2021.0,14.0,4.1344562068965525,9.833333333333334,6.0,74.29
iPhone 12 128GB,Apple,2021.0,14.0,4.1344562068965525,9.833333333333334,6.0,74.05
iPhone 12 256GB,Apple,2021.0,14.0,4.1344562068965525,9.833333333333334,6.0,73.25
iPhone 12 64GB,Apple,2021.0,14.0,4.1344562068965525,9.833333333333334,6.0,74.45
iPhone 13 mini with 128GB,Apple,2021.0,14.0,4.1344562068965525,9.833333333333334,6.0,75.17
iPhone 13 Pro 128GB,Apple,2021.0,14.0,4.1344562068965525,9.833333333333334,6.0,74.53
iPhone 13 Pro 1TB,Apple,2021.0,14.0,4.1344562068965525,9.833333333333334,6.0,71.09
iPhone 13 Pro 256GB,Apple,2021.0,14.0,4.1344562068965525,9.833333333333334,6.0,73.97
iPhone 13 Pro 512GB,Apple,2021.0,14.0,4.1344562068965525,9.833333333333334,6.0,73.01
iPhone 13 Pro Max 128GB,Apple,2021.0,14.0,4.1344562068965525,9.833333333333334,6.0,74.13000000000001
iPhone 13 Pro Max 1TB,Apple,2021.0,14.0,4.1344562068965525,9.833333333333334,6.0,70.69
iPhone 13 Pro Max 256GB,Apple,2021.0,14.0,4.1344562068965525,9.833333333333334,6.0,73.57000000000001
iPhone 13 Pro Max 512GB,Apple,2021.0,14.0,4.1344562068965525,9.833333333333334,6.0,72.61
iPhone 13 with 128GB,Apple,2021.0,14.0,4.1344562068965525,9.833333333333334,6.0,74.93
iPhone 14 Plus with 128GB,Apple,2021.0,14.0,4.1344562068965525,9.833333333333334,6.0,74.61
iPhone 14 Pro Max with 128GB,Apple,2021.0,14.0,4.1344562068965525,9.833333333333334,6.0,74.21000000000001
iPhone 14 Pro with 128GB,Apple,2021.0,14.0,4.1344562068965525,9.833333333333334,6.0,74.85000000000001
iPhone 14 with 128GB,Apple,2021.0,14.0,4.1344562068965525,9.833333333333334,6.0,75.17
iPhone 8 256GB,Apple,2021.0,14.0,4.1344562068965525,9.833333333333334,6.0,74.37
iPhone 8 64GB,Apple,2021.0,14.0,4.1344562068965525,9.833333333333334,6.0,75.49
iPhone SE - Gen 2 128GB,Apple,2021.0,14.0,4.1344562068965525,9.833333333333334,6.0,75.09
iPhone SE - Gen 2 256GB,Apple,2021.0,14.0,4.1344562068965525,9.833333333333334,6.0,74.21000000000001
iPhone SE - Gen 2 64GB,Apple,2021.0,14.0,4.1344562068965525,9.833333333333334,6.0,75.49
iPhone SE (3rd generation) with 64GB,Apple,2021.0,14.0,4.1344562068965525,9.833333333333334,6.0,76.37
Mac mini (M1 2020) with 256GB,Apple,2020.0,14.0,4.1344562068965525,30.0,6.0,60.239999999999995
Mac mini with M2 with 256GB,Apple,2021.0,14.0,4.1344562068965525,9.833333333333334,6.0,71.09
Mac Pro (2.5GHz 28-core CPU and Radeon Pro Vega II Duo GPU and Afterburner card) with 1.5TB memory 4TB storage - 2019,Apple,2019.0,14.0,4.1344562068965525,30.0,6.0,34.0
Mac Pro (3.5GHz 8-core CPU and Radeon Pro 580X GPU) with 32GB memory 256GB storage - 2019,Apple,2019.0,14.0,4.1344562068965525,30.0,6.0,34.0
Mac Pro 3,Apple,2021.0,14.0,4.1344562068965525,9.833333333333334,6.0,40.05
Mac Studio with Apple M1 Max 32GB memory and 512GB,Apple,2021.0,14.0,4.1344562068965525,9.833333333333334,6.0,59.09
MacBook Air (M1 2020) with 256GB,Apple,2020.0,14.0,4.1344562068965525,30.0,6.0,61.120000000000005
MacBook Air (M2 2022) with 256GB,Apple,2022.0,14.0,4.1344562068965525,30.0,6.0,62.239999999999995
MacBook Pro (M2 2022) with 256GB,Apple,2022.0,14.0,4.1344562068965525,30.0,6.0,60.64
Pro Display XDR with Pro Stand,Apple,2021.0,14.0,4.1344562068965525,9.833333333333334,6.0,40.05
Mini PC PB60,Asus,2021.0,14.0,4.1344562068965525,9.833333333333334,6.0,58.05
Notebook C423,Asus,2021.0,14.0,4.1344562068965525,9.833333333333334,6.0,71.01
AW2518H Monitor,Dell,2021.0,14.0,11.06,9.833333333333334,6.0,40.05
AW2518HF Monitor,Dell,2021.0,14.0,11.06,9.833333333333334,6.0,40.05
AW3418DW Monitor,Dell,2021.0,14.0,18.791,9.833333333333334,6.0,40.05
AW3418HW Monitor,Dell,2021.0,14.0,18.361,9.833333333333334,6.0,40.05
C1422H Monitor,Dell,2021.0,14.0,0.59,9.833333333333334,6.0,44.69
C2422HE Monitor (without stand),Dell,2021.0,14.0,4.33,9.833333333333334,6.0,40.05
C2422HE Monitor,Dell,2021.0,14.0,6.12,9.833333333333334,6.0,40.05
C2423H Monitor,Dell,2021.0,14.0,5.59,9.833333333333334,6.0,40.05
C2722DE Monitor,Dell,2021.0,14.0,8.8,9.833333333333334,6.0,40.05
C2723H Monitor,Dell,2021.0,14.0,6.8,9.833333333333334,6.0,40.05
C3422WE Monitor,Dell,2021.0,14.0,10.8,9.833333333333334,6.0,40.05
C5519Q Monitor,Dell,2021.0,14.0,20.5,9.833333333333334,6.0,40.05
C5522QT Monitor,Dell,2021.0,14.0,42.0,9.833333333333334,6.0,40.05
C6522QT Monitor,Dell,2021.0,14.0,44.2,9.833333333333334,6.0,40.05
C7520QT Monitor,Dell,2021.0,14.0,64.0,9.833333333333334,6.0,40.05
C8618QT Monitor,Dell,2021.0,14.0,123.0,9.833333333333334,6.0,40.05
Chromebook 3100 2-in-1,Dell,2021.0,14.0,1.6,9.833333333333334,6.0,53.25
Chromebook 3100,Dell,2021.0,14.0,1.4,9.833333333333334,6.0,58.769999999999996
D7523QT Monitor,Dell,2021.0,14.0,57.02,9.833333333333334,6.0,40.05
E1715S Monitor,Dell,2021.0,14.0,3.494,9.833333333333334,6.0,53.25
E1916H Monitor,Dell,2021.0,14.0,3.02,9.833333333333334,6.0,45.410000000000004
E1916HE Monitor,Dell,2021.0,14.0,3.775,9.833333333333334,6.0,47.97
E1916HV Monitor,Dell,2021.0,14.0,4.0244,9.833333333333334,6.0,47.57
E1920H Monitor,Dell,2021.0,14.0,2.624,9.833333333333334,6.0,51.89
E2016H Monitor,Dell,2016.0,14.0,3.91,30.0,6.0,40.160000000000004
E2016HV Monitor,Dell,2016.0,14.0,3.68,30.0,6.0,39.92
E2020H Monitor,Dell,2020.0,14.0,2.63,30.0,6.0,41.92
E2216H Monitor,Dell,2021.0,14.0,4.574,9.833333333333334,6.0,44.769999999999996
E2216HV Monitor,Dell,2021.0,14.0,4.015,9.833333333333334,6.0,44.85
E2218HN Monitor,Dell,2021.0,14.0,4.574,9.833333333333334,6.0,44.21000000000001
E2219HN Monitor,Dell,2021.0,14.0,2.183,9.833333333333334,6.0,51.17
E2220H Monitor,Dell,2021.0,14.0,3.1,9.833333333333334,6.0,47.17
E2221HN Monitor,Dell,2021.0,14.0,3.108,9.833333333333334,6.0,47.17
E2222H Monitor,Dell,2021.0,14.0,2.59,9.833333333333334,6.0,41.25
E2222HS Monitor,Dell,2021.0,14.0,3.37,9.833333333333334,6.0,40.05
E2223HN Monitor,Dell,2021.0,14.0,2.6,9.833333333333334,6.0,40.21000000000001
E2223HV Monitor,Dell,2021.0,14.0,2.6,9.833333333333334,6.0,40.21000000000001
E2316H Monitor,Dell,2021.0,14.0,5.062,9.833333333333334,6.0,43.33
E2318H Monitor,Dell,2021.0,14.0,5.025,9.833333333333334,6.0,42.93000000000001
E2318HN Monitor,Dell,2021.0,14.0,5.025,9.833333333333334,6.0,42.93000000000001
E2417H Monitor,Dell,2021.0,14.0,5.77,9.833333333333334,6.0,40.370000000000005
E2420H Monitor,Dell,2021.0,14.0,4.27,9.833333333333334,6.0,45.57
E2421HN Monitor,Dell,2021.0,14.0,3.774,9.833333333333334,6.0,43.25
E2422H Monitor,Dell,2021.0,14.0,3.54,9.833333333333334,6.0,43.730000000000004
E2422HN Monitor,Dell,2021.0,14.0,3.49,9.833333333333334,6.0,41.81
E2422HS Monitor,Dell,2021.0,14.0,4.3,9.833333333333334,6.0,40.53
E2423H Monitor,Dell,2021.0,14.0,3.5,9.833333333333334,6.0,40.05
E2423HN Monitor,Dell,2021.0,14.0,3.5,9.833333333333334,6.0,40.05
E2720H Monitor,Dell,2021.0,14.0,5.55,9.833333333333334,6.0,40.29
E2720HS Monitor,Dell,2021.0,14.0,5.78,9.833333333333334,6.0,40.05
E2722H Monitor,Dell,2021.0,14.0,4.55,9.833333333333334,6.0,43.650000000000006
E2722HS Monitor,Dell,2021.0,14.0,5.24,9.833333333333334,6.0,43.09
E2723H Monitor,Dell,2021.0,14.0,4.86,9.833333333333334,6.0,41.97
E2723HN Monitor,Dell,2021.0,14.0,4.86,9.833333333333334,6.0,40.05
Inspiron 13 5320,Dell,2021.0,14.0,1.249,9.833333333333334,6.0,53.97
Inspiron 14 5420,Dell,2021.0,14.0,1.55,9.833333333333334,6.0,52.53
Inspiron 14 5425,Dell,2021.0,14.0,1.55,9.833333333333334,6.0,52.45
Inspiron 14 7420 2-in-1,Dell,2021.0,14.0,1.735,9.833333333333334,6.0,50.769999999999996
Inspiron 14 7425 2-in-1,Dell,2021.0,14.0,1.735,9.833333333333334,6.0,51.650000000000006
Inspiron 14 Plus 7420,Dell,2021.0,14.0,1.75,9.833333333333334,6.0,49.97
Inspiron 16 5620,Dell,2021.0,14.0,1.97,9.833333333333334,6.0,49.17
Inspiron 16 5625,Dell,2021.0,14.0,1.97,9.833333333333334,6.0,49.57
Inspiron 16 7620 2-in-1,Dell,2021.0,14.0,2.194,9.833333333333334,6.0,47.81
Inspiron 16 Plus 7620,Dell,2021.0,14.0,1.98,9.833333333333334,6.0,46.45
Latitude 3120 2-in-1,Dell,2021.0,14.0,1.48,9.833333333333334,6.0,60.45
Latitude 3120,Dell,2021.0,14.0,1.38,9.833333333333334,6.0,61.57
Latitude 3150,Dell,2021.0,14.0,1.45,9.833333333333334,6.0,62.769999999999996
Latitude 3160,Dell,2021.0,14.0,1.45,9.833333333333334,6.0,60.53
Latitude 3180,Dell,2021.0,14.0,1.35,9.833333333333334,6.0,60.61
Latitude 3189,Dell,2021.0,14.0,1.65,9.833333333333334,6.0,59.49
Latitude 3190 2-In-1,Dell,2021.0,14.0,1.65,9.833333333333334,6.0,61.650000000000006
Latitude 3190,Dell,2021.0,14.0,1.65,9.833333333333334,6.0,61.97
Latitude 3300,Dell,2021.0,14.0,1.56,9.833333333333334,6.0,56.61
Latitude 3320,Dell,2021.0,14.0,1.23,9.833333333333334,6.0,57.57
Latitude 3330 2-in-1,Dell,2021.0,14.0,1.37,9.833333333333334,6.0,55.17
Latitude 3330,Dell,2021.0,14.0,1.28,9.833333333333334,6.0,55.010000000000005
Latitude 3350,Dell,2021.0,14.0,1.67,9.833333333333334,6.0,59.41
Latitude 3380,Dell,2021.0,14.0,1.63,9.833333333333334,6.0,59.89
Latitude 3390 2-in-1,Dell,2021.0,14.0,1.69,9.833333333333334,6.0,57.33
Latitude 3400,Dell,2021.0,14.0,1.75,9.833333333333334,6.0,57.730000000000004
Latitude 3410,Dell,2021.0,14.0,1.65,9.833333333333334,6.0,54.29
Latitude 3420,Dell,2021.0,14.0,1.526,9.833333333333334,6.0,54.85
Latitude 3460,Dell,2021.0,14.0,1.97,9.833333333333334,6.0,57.730000000000004
Latitude 3470,Dell,2021.0,14.0,1.97,9.833333333333334,6.0,57.17
Latitude 3480,Dell,2021.0,14.0,2.3,9.833333333333334,6.0,54.13
Latitude 3490,Dell,2021.0,14.0,1.78,9.833333333333334,6.0,60.61
Latitude 3500,Dell,2021.0,14.0,2.16,9.833333333333334,6.0,57.81
Latitude 3510,Dell,2021.0,14.0,1.945,9.833333333333334,6.0,52.85
Latitude 3520,Dell,2021.0,14.0,1.959,9.833333333333334,6.0,54.61
Latitude 3550,Dell,2021.0,14.0,2.22,9.833333333333334,6.0,59.010000000000005
Latitude 3550,Dell,2021.0,14.0,2.22,9.833333333333334,6.0,59.010000000000005
Latitude 3550,Dell,2021.0,14.0,2.22,9.833333333333334,6.0,59.010000000000005
Latitude 3550,Dell,2021.0,14.0,2.22,9.833333333333334,6.0,59.010000000000005
Latitude 3550,Dell,2021.0,14.0,2.22,9.833333333333334,6.0,59.010000000000005
Latitude 3550,Dell,2021.0,14.0,2.22,9.833333333333334,6.0,59.010000000000005
Latitude 3550,Dell,2021.0,14.0,2.22,9.833333333333334,6.0,59.010000000000005
Latitude 3550,Dell,2021.0,14.0,2.22,9.833333333333334,6.0,59.010000000000005
Latitude 3550,Dell,2021.0,14.0,2.22,9.833333333333334,6.0,59.010000000000005
Latitude 3550,Dell,2021.0,14.0,2.22,9.833333333333334,6.0,59.010000000000005
Latitude 3550,Dell,2021.0,14.0,2.22,9.833333333333334,6.0,59.010000000000005
Latitude 3550,Dell,2021.0,14.0,2.22,9.833333333333334,6.0,59.010000000000005
Latitude 3550,Dell,2021.0,14.0,2.22,9.833333333333334,6.0,59.010000000000005
Latitude 3550,Dell,2021.0,14.0,2.22,9.833333333333334,6.0,59.010000000000005
Latitude 3550,Dell,2021.0,14.0,2.22,9.833333333333334,6.0,59.010000000000005
Latitude 3550,Dell,2021.0,14.0,2.22,9.833333333333334,6.0,59.010000000000005
Latitude 3550,Dell,2021.0,14.0,2.22,9.833333333333334,6.0,59.010000000000005
Latitude 3550,Dell,2021.0,14.0,2.22,9.833333333333334,6.0,59.010000000000005
Latitude 3550,Dell,2021.0,14.0,2.22,9.833333333333334,6.0,59.010000000000005
Latitude 3550,Dell,2021.0,14.0,2.22,9.833333333333334,6.0,59.010000000000005
Latitude 3560,Dell,2021.0,14.0,2.16,9.833333333333334,6.0,56.21
Latitude 3570,Dell,2021.0,14.0,2.16,9.833333333333334,6.0,55.89
Latitude 3580,Dell,2021.0,14.0,2.46,9.833333333333334,6.0,55.17
Latitude 3590,Dell,2021.0,14.0,2.07,9.833333333333334,6.0,59.730000000000004
Latitude 5250,Dell,2021.0,14.0,1.743,9.833333333333334,6.0,61.25
Latitude 5280,Dell,2021.0,14.0,1.64,9.833333333333334,6.0,62.05
Latitude 5285 2-in-1,Dell,2021.0,14.0,0.94,9.833333333333334,6.0,59.41
Latitude 5289 2-in-1,Dell,2021.0,14.0,1.45,9.833333333333334,6.0,59.33
Latitude 5290 2-In-1,Dell,2021.0,14.0,0.857,9.833333333333334,6.0,58.61
Latitude 5290,Dell,2021.0,14.0,1.45,9.833333333333334,6.0,62.61
Latitude 5300 2-in-1 Chromebook,Dell,2021.0,14.0,1.36,9.833333333333334,6.0,56.13
Latitude 5300 2-in-1,Dell,2021.0,14.0,1.61,9.833333333333334,6.0,54.769999999999996
Latitude 5300,Dell,2021.0,14.0,1.494,9.833333333333334,6.0,56.370000000000005
Latitude 5310 2-IN-1,Dell,2021.0,14.0,1.351,9.833333333333334,6.0,56.13
Latitude 5310,Dell,2021.0,14.0,1.242,9.833333333333334,6.0,56.05
Latitude 5320 2-IN-1,Dell,2021.0,14.0,1.35,9.833333333333334,6.0,55.41
Latitude 5320,Dell,2021.0,14.0,1.24,9.833333333333334,6.0,52.21000000000001
Latitude 5330 2-in-1,Dell,2021.0,14.0,1.319,9.833333333333334,6.0,52.61
Latitude 5330,Dell,2021.0,14.0,1.203,9.833333333333334,6.0,52.769999999999996
Latitude 5400 Chromebook,Dell,2021.0,14.0,3.42,9.833333333333334,6.0,54.05
Latitude 5400,Dell,2021.0,14.0,1.55,9.833333333333334,6.0,54.85
Latitude 5401,Dell,2021.0,14.0,1.53,9.833333333333334,6.0,52.53
Latitude 5410,Dell,2021.0,14.0,1.52,9.833333333333334,6.0,53.97
Latitude 5411,Dell,2021.0,14.0,1.54,9.833333333333334,6.0,53.410000000000004
Latitude 5420,Dell,2021.0,14.0,1.4,9.833333333333334,6.0,50.93000000000001
Latitude 5421,Dell,2021.0,14.0,1.49,9.833333333333334,6.0,55.730000000000004
Latitude 5430 Rugged,Dell,2021.0,14.0,2.6,9.833333333333334,6.0,50.45
Latitude 5430 Rugged,Dell,2021.0,14.0,2.6,9.833333333333334,6.0,50.45
Latitude 5430 Rugged,Dell,2021.0,14.0,2.6,9.833333333333334,6.0,50.45
Latitude 5430 Rugged,Dell,2021.0,14.0,2.6,9.833333333333334,6.0,50.45
Latitude 5430 Rugged,Dell,2021.0,14.0,2.6,9.833333333333334,6.0,50.45
Latitude 5430 Rugged,Dell,2021.0,14.0,2.6,9.833333333333334,6.0,50.45
Latitude 5430 Rugged,Dell,2021.0,14.0,2.6,9.833333333333334,6.0,50.45
Latitude 5430 Rugged,Dell,2021.0,14.0,2.6,9.833333333333334,6.0,50.45
Latitude 5430 Rugged,Dell,2021.0,14.0,2.6,9.833333333333334,6.0,50.45
Latitude 5430 Rugged,Dell,2021.0,14.0,2.6,9.833333333333334,6.0,50.45
Latitude 5430 Rugged,Dell,2021.0,14.0,2.6,9.833333333333334,6.0,50.45
Latitude 5430 Rugged,Dell,2021.0,14.0,2.6,9.833333333333334,6.0,50.45
Latitude 5430 Rugged,Dell,2021.0,14.0,2.6,9.833333333333334,6.0,50.45
Latitude 5430 Rugged,Dell,2021.0,14.0,2.6,9.833333333333334,6.0,50.45
Latitude 5430 Rugged,Dell,2021.0,14.0,2.6,9.833333333333334,6.0,50.45
Latitude 5430 Rugged,Dell,2021.0,14.0,2.6,9.833333333333334,6.0,50.45
Latitude 5430 Rugged,Dell,2021.0,14.0,2.6,9.833333333333334,6.0,50.45
Latitude 5430 Rugged,Dell,2021.0,14.0,2.6,9.833333333333334,6.0,50.45
Latitude 5430 Rugged,Dell,2021.0,14.0,2.6,9.833333333333334,6.0,50.45
Latitude 5430 Rugged,Dell,2021.0,14.0,2.6,9.833333333333334,6.0,50.45
Latitude 5430 Rugged,Dell,2021.0,14.0,2.6,9.833333333333334,6.0,50.45
Latitude 5430,Dell,2021.0,14.0,1.36,9.833333333333334,6.0,55.97
Latitude 5431,Dell,2021.0,14.0,1.49,9.833333333333334,6.0,56.21
Latitude 5450,Dell,2021.0,14.0,1.812,9.833333333333334,6.0,60.290000000000006
Latitude 5450,Dell,2021.0,14.0,1.812,9.833333333333334,6.0,60.290000000000006
Latitude 5450,Dell,2021.0,14.0,1.812,9.833333333333334,6.0,60.290000000000006
Latitude 5450,Dell,2021.0,14.0,1.812,9.833333333333334,6.0,60.290000000000006
Latitude 5450,Dell,2021.0,14.0,1.812,9.833333333333334,6.0,60.290000000000006
Latitude 5450,Dell,2021.0,14.0,1.812,9.833333333333334,6.0,60.290000000000006
Latitude 5450,Dell,2021.0,14.0,1.812,9.833333333333334,6.0,60.290000000000006
Latitude 5450,Dell,2021.0,14.0,1.812,9.833333333333334,6.0,60.290000000000006
Latitude 5450,Dell,2021.0,14.0,1.812,9.833333333333334,6.0,60.290000000000006
Latitude 5450,Dell,2021.0,14.0,1.812,9.833333333333334,6.0,60.290000000000006
Latitude 5450,Dell,2021.0,14.0,1.812,9.833333333333334,6.0,60.290000000000006
Latitude 5450,Dell,2021.0,14.0,1.812,9.833333333333334,6.0,60.290000000000006
Latitude 5450,Dell,2021.0,14.0,1.812,9.833333333333334,6.0,60.290000000000006
Latitude 5450,Dell,2021.0,14.0,1.812,9.833333333333334,6.0,60.290000000000006
Latitude 5450,Dell,2021.0,14.0,1.812,9.833333333333334,6.0,60.290000000000006
Latitude 5450,Dell,2021.0,14.0,1.812,9.833333333333334,6.0,60.290000000000006
Latitude 5450,Dell,2021.0,14.0,1.812,9.833333333333334,6.0,60.290000000000006
Latitude 5450,Dell,2021.0,14.0,1.812,9.833333333333334,6.0,60.290000000000006
Latitude 5450,Dell,2021.0,14.0,1.812,9.833333333333334,6.0,60.290000000000006
Latitude 5450,Dell,2021.0,14.0,1.812,9.833333333333334,6.0,60.290000000000006
Latitude 5480,Dell,2021.0,14.0,1.86,9.833333333333334,6.0,60.05
Latitude 5490,Dell,2021.0,14.0,1.6,9.833333333333334,6.0,59.97
Latitude 5491,Dell,2021.0,14.0,1.65,9.833333333333334,6.0,59.730000000000004
Latitude 5495,Dell,2021.0,14.0,1.62,9.833333333333334,6.0,59.650000000000006
Latitude 5501,Dell,2021.0,14.0,1.88,9.833333333333334,6.0,47.81
Latitude 5510,Dell,2021.0,14.0,1.85,9.833333333333334,6.0,52.21000000000001
Latitude 5511,Dell,2021.0,14.0,1.89,9.833333333333334,6.0,49.81
Latitude 5520,Dell,2021.0,14.0,1.8256,9.833333333333334,6.0,54.13
Latitude 5521,Dell,2021.0,14.0,1.79,9.833333333333334,6.0,49.730000000000004
Latitude 5530,Dell,2021.0,14.0,1.78,9.833333333333334,6.0,50.93000000000001
Latitude 5531,Dell,2021.0,14.0,1.792,9.833333333333334,6.0,50.21000000000001
Latitude 5550,Dell,2021.0,14.0,2.144,9.833333333333334,6.0,59.33
Latitude 5550,Dell,2021.0,14.0,2.144,9.833333333333334,6.0,59.33
Latitude 5550,Dell,2021.0,14.0,2.144,9.833333333333334,6.0,59.33
Latitude 5550,Dell,2021.0,14.0,2.144,9.833333333333334,6.0,59.33
Latitude 5550,Dell,2021.0,14.0,2.144,9.833333333333334,6.0,59.33
Latitude 5550,Dell,2021.0,14.0,2.144,9.833333333333334,6.0,59.33
Latitude 5550,Dell,2021.0,14.0,2.144,9.833333333333334,6.0,59.33
Latitude 5550,Dell,2021.0,14.0,2.144,9.833333333333334,6.0,59.33
Latitude 5550,Dell,2021.0,14.0,2.144,9.833333333333334,6.0,59.33
Latitude 5550,Dell,2021.0,14.0,2.144,9.833333333333334,6.0,59.33
Latitude 5550,Dell,2021.0,14.0,2.144,9.833333333333334,6.0,59.33
Latitude 5550,Dell,2021.0,14.0,2.144,9.833333333333334,6.0,59.33
Latitude 5550,Dell,2021.0,14.0,2.144,9.833333333333334,6.0,59.33
Latitude 5550,Dell,2021.0,14.0,2.144,9.833333333333334,6.0,59.33
Latitude 5550,Dell,2021.0,14.0,2.144,9.833333333333334,6.0,59.33
Latitude 5550,Dell,2021.0,14.0,2.144,9.833333333333334,6.0,59.33
Latitude 5550,Dell,2021.0,14.0,2.144,9.833333333333334,6.0,59.33
Latitude 5550,Dell,2021.0,14.0,2.144,9.833333333333334,6.0,59.33
Latitude 5580,Dell,2021.0,14.0,2.17,9.833333333333334,6.0,56.13
Latitude 5590,Dell,2021.0,14.0,1.88,9.833333333333334,6.0,58.370000000000005
Latitude 5591,Dell,2021.0,14.0,1.934,9.833333333333334,6.0,55.650000000000006
Latitude 7200 2-in-1,Dell,2021.0,14.0,1.35,9.833333333333334,6.0,54.93000000000001
Latitude 7210 2-in-1,Dell,2021.0,14.0,0.935,9.833333333333334,6.0,55.650000000000006
Latitude 7220 Rugged Extreme,Dell,2021.0,14.0,1.3,9.833333333333334,6.0,72.45
Latitude 7280,Dell,2021.0,14.0,1.56,9.833333333333334,6.0,62.290000000000006
Latitude 7285,Dell,2021.0,14.0,0.7,9.833333333333334,6.0,57.49
Latitude 7290,Dell,2021.0,14.0,1.19,9.833333333333334,6.0,63.33
Latitude 7300,Dell,2021.0,14.0,1.36,9.833333333333334,6.0,54.21000000000001
Latitude 7310 2-IN-1,Dell,2021.0,14.0,1.343,9.833333333333334,6.0,53.97
Latitude 7310,Dell,2021.0,14.0,1.343,9.833333333333334,6.0,53.81
Latitude 7320 2-IN-1,Dell,2021.0,14.0,1.46,9.833333333333334,6.0,53.410000000000004
Latitude 7320 Detachable,Dell,2021.0,14.0,0.789,9.833333333333334,6.0,73.49
Latitude 7320,Dell,2021.0,14.0,1.46,9.833333333333334,6.0,53.17
Latitude 7330 2-in-1,Dell,2021.0,14.0,1.36,9.833333333333334,6.0,56.370000000000005
Latitude 7330 Rugged Extreme,Dell,2021.0,14.0,2.52,9.833333333333334,6.0,52.21000000000001
Latitude 7330 Rugged Extreme,Dell,2021.0,14.0,2.52,9.833333333333334,6.0,52.21000000000001
Latitude 7330 Rugged Extreme,Dell,2021.0,14.0,2.52,9.833333333333334,6.0,52.21000000000001
Latitude 7330 Rugged Extreme,Dell,2021.0,14.0,2.52,9.833333333333334,6.0,52.21000000000001
Latitude 7330 Rugged Extreme,Dell,2021.0,14.0,2.52,9.833333333333334,6.0,52.21000000000001
Latitude 7330 Rugged Extreme,Dell,2021.0,14.0,2.52,9.833333333333334,6.0,52.21000000000001
Latitude 7330 Rugged Extreme,Dell,2021.0,14.0,2.52,9.833333333333334,6.0,52.21000000000001
Latitude 7330 Rugged Extreme,Dell,2021.0,14.0,2.52,9.833333333333334,6.0,52.21000000000001
Latitude 7330 Rugged Extreme,Dell,2021.0,14.0,2.52,9.833333333333334,6.0,52.21000000000001
Latitude 7330 Rugged Extreme,Dell,2021.0,14.0,2.52,9.833333333333334,6.0,52.21000000000001
Latitude 7330 Rugged Extreme,Dell,2021.0,14.0,2.52,9.833333333333334,6.0,52.21000000000001
Latitude 7330 Rugged Extreme,Dell,2021.0,14.0,2.52,9.833333333333334,6.0,52.21000000000001
Latitude 7330 Rugged Extreme,Dell,2021.0,14.0,2.52,9.833333333333334,6.0,52.21000000000001
Latitude 7330 Rugged Extreme,Dell,2021.0,14.0,2.52,9.833333333333334,6.0,52.21000000000001
Latitude 7330 Rugged Extreme,Dell,2021.0,14.0,2.52,9.833333333333334,6.0,52.21000000000001
Latitude 7330 Rugged Extreme,Dell,2021.0,14.0,2.52,9.833333333333334,6.0,52.21000000000001
Latitude 7330 Rugged Extreme,Dell,2021.0,14.0,2.52,9.833333333333334,6.0,52.21000000000001
Latitude 7330 Rugged Extreme,Dell,2021.0,14.0,2.52,9.833333333333334,6.0,52.21000000000001
Latitude 7330 Rugged Extreme,Dell,2021.0,14.0,2.52,9.833333333333334,6.0,52.21000000000001
Latitude 7330 Rugged Extreme,Dell,2021.0,14.0,2.52,9.833333333333334,6.0,52.21000000000001
Latitude 7330 Rugged Extreme,Dell,2021.0,14.0,2.52,9.833333333333334,6.0,52.21000000000001
Latitude 7330,Dell,2021.0,14.0,0.967,9.833333333333334,6.0,57.89
Latitude 7350,Dell,2021.0,14.0,1.674,9.833333333333334,6.0,56.290000000000006
Latitude 7350,Dell,2021.0,14.0,1.674,9.833333333333334,6.0,56.290000000000006
Latitude 7350,Dell,2021.0,14.0,1.674,9.833333333333334,6.0,56.290000000000006
Latitude 7350,Dell,2021.0,14.0,1.674,9.833333333333334,6.0,56.290000000000006
Latitude 7350,Dell,2021.0,14.0,1.674,9.833333333333334,6.0,56.290000000000006
Latitude 7350,Dell,2021.0,14.0,1.674,9.833333333333334,6.0,56.290000000000006
Latitude 7350,Dell,2021.0,14.0,1.674,9.833333333333334,6.0,56.290000000000006
Latitude 7350,Dell,2021.0,14.0,1.674,9.833333333333334,6.0,56.290000000000006
Latitude 7350,Dell,2021.0,14.0,1.674,9.833333333333334,6.0,56.290000000000006
Latitude 7350,Dell,2021.0,14.0,1.674,9.833333333333334,6.0,56.290000000000006
Latitude 7350,Dell,2021.0,14.0,1.674,9.833333333333334,6.0,56.290000000000006
Latitude 7350,Dell,2021.0,14.0,1.674,9.833333333333334,6.0,56.290000000000006
Latitude 7350,Dell,2021.0,14.0,1.674,9.833333333333334,6.0,56.290000000000006
Latitude 7350,Dell,2021.0,14.0,1.674,9.833333333333334,6.0,56.290000000000006
Latitude 7350,Dell,2021.0,14.0,1.674,9.833333333333334,6.0,56.290000000000006
Latitude 7350,Dell,2021.0,14.0,1.674,9.833333333333334,6.0,56.290000000000006
Latitude 7350,Dell,2021.0,14.0,1.674,9.833333333333334,6.0,56.290000000000006
Latitude 7350,Dell,2021.0,14.0,1.674,9.833333333333334,6.0,56.290000000000006
Latitude 7350,Dell,2021.0,14.0,1.674,9.833333333333334,6.0,56.290000000000006
Latitude 7350,Dell,2021.0,14.0,1.674,9.833333333333334,6.0,56.290000000000006
Latitude 7350,Dell,2021.0,14.0,1.674,9.833333333333334,6.0,56.290000000000006
Latitude 7370,Dell,2021.0,14.0,1.12,9.833333333333334,6.0,57.010000000000005
Latitude 7380,Dell,2021.0,14.0,1.56,9.833333333333334,6.0,59.33
Latitude 7389 2-in-1,Dell,2021.0,14.0,1.45,9.833333333333334,6.0,56.93000000000001
Latitude 7390 2-in-1,Dell,2021.0,14.0,1.45,9.833333333333334,6.0,53.489999999999995
Latitude 7390,Dell,2021.0,14.0,1.19,9.833333333333334,6.0,62.290000000000006
Latitude 7400 2-in-1,Dell,2021.0,14.0,1.36,9.833333333333334,6.0,51.97
Latitude 7400,Dell,2021.0,14.0,1.54,9.833333333333334,6.0,54.45
Latitude 7410 2-in-1 Chromebook Enterprise,Dell,2021.0,14.0,1.63,9.833333333333334,6.0,43.010000000000005
Latitude 7410 2-in-1,Dell,2021.0,14.0,1.374,9.833333333333334,6.0,53.010000000000005
Latitude 7410 Chromebook Enterprise,Dell,2021.0,14.0,1.52,9.833333333333334,6.0,43.730000000000004
Latitude 7410,Dell,2021.0,14.0,1.374,9.833333333333334,6.0,53.730000000000004
Latitude 7420 2-in-1,Dell,2021.0,14.0,1.52,9.833333333333334,6.0,51.81
Latitude 7420,Dell,2021.0,14.0,1.52,9.833333333333334,6.0,52.769999999999996
Latitude 7430 2-in-1,Dell,2021.0,14.0,1.35,9.833333333333334,6.0,51.33
Latitude 7430,Dell,2021.0,14.0,1.22,9.833333333333334,6.0,57.17
Latitude 7480,Dell,2021.0,14.0,1.88,9.833333333333334,6.0,60.13
Latitude 7490,Dell,2021.0,14.0,1.4,9.833333333333334,6.0,60.769999999999996
Latitude 7520,Dell,2021.0,14.0,1.86,9.833333333333334,6.0,50.93000000000001
Latitude 7530,Dell,2021.0,14.0,1.54,9.833333333333334,6.0,54.93000000000001
Latitude 9330,Dell,2021.0,14.0,1.27,9.833333333333334,6.0,50.29
Latitude 9410 2-in-1,Dell,2021.0,14.0,1.8,9.833333333333334,6.0,51.489999999999995
Latitude 9420 2-in-1,Dell,2021.0,14.0,1.33,9.833333333333334,6.0,52.05
Latitude 9420,Dell,2021.0,14.0,1.33,9.833333333333334,6.0,52.53
Latitude 9430 2-in-1,Dell,2021.0,14.0,1.44,9.833333333333334,6.0,49.650000000000006
Latitude 9430,Dell,2021.0,14.0,1.29,9.833333333333334,6.0,50.05
Latitude 9510 2-in-1,Dell,2021.0,14.0,1.705,9.833333333333334,6.0,41.489999999999995
Latitude 9510,Dell,2021.0,14.0,1.705,9.833333333333334,6.0,41.489999999999995
Latitude 9520 2-in-1,Dell,2021.0,14.0,1.4,9.833333333333334,6.0,51.17
Latitude 9520,Dell,2021.0,14.0,1.4,9.833333333333334,6.0,50.69
Latitude E5270,Dell,2021.0,14.0,1.72,9.833333333333334,10.0,68.85
Latitude E5470,Dell,2021.0,14.0,2.1,9.833333333333334,6.0,57.650000000000006
Latitude E5570,Dell,2021.0,14.0,1.72,9.833333333333334,6.0,60.85
Latitude E7250,Dell,2021.0,14.0,1.365,9.833333333333334,6.0,62.21
Latitude E7270,Dell,2021.0,14.0,1.54,9.833333333333334,6.0,60.13
Latitude E7450,Dell,2021.0,14.0,1.559,9.833333333333334,6.0,61.010000000000005
Latitude E7470,Dell,2021.0,14.0,1.88,9.833333333333334,6.0,59.17
Latitude Rugged 5420,Dell,2021.0,14.0,2.3,9.833333333333334,6.0,51.89
Latitude Rugged 5424,Dell,2021.0,14.0,2.8,9.833333333333334,6.0,51.17
OptiPlex 3000 Micro Form Factor,Dell,2021.0,14.0,1.094,9.833333333333334,6.0,60.13
OptiPlex 3000 Small Form Factor,Dell,2021.0,14.0,3.712,9.833333333333334,6.0,52.69
OptiPlex 3000 TC,Dell,2021.0,14.0,0.935,9.833333333333334,6.0,63.41
OptiPlex 3000 TC,Dell,2021.0,14.0,0.935,9.833333333333334,6.0,63.41
OptiPlex 3000 TC,Dell,2021.0,14.0,0.935,9.833333333333334,6.0,63.41
OptiPlex 3000 TC,Dell,2021.0,14.0,0.935,9.833333333333334,6.0,63.41
OptiPlex 3000 TC,Dell,2021.0,14.0,0.935,9.833333333333334,6.0,63.41
OptiPlex 3000 TC,Dell,2021.0,14.0,0.935,9.833333333333334,6.0,63.41
OptiPlex 3000 TC,Dell,2021.0,14.0,0.935,9.833333333333334,6.0,63.41
OptiPlex 3000 TC,Dell,2021.0,14.0,0.935,9.833333333333334,6.0,63.41
OptiPlex 3000 TC,Dell,2021.0,14.0,0.935,9.833333333333334,6.0,63.41
OptiPlex 3000 TC,Dell,2021.0,14.0,0.935,9.833333333333334,6.0,63.41
OptiPlex 3000 TC,Dell,2021.0,14.0,0.935,9.833333333333334,6.0,63.41
OptiPlex 3000 TC,Dell,2021.0,14.0,0.935,9.833333333333334,6.0,63.41
OptiPlex 3000 TC,Dell,2021.0,14.0,0.935,9.833333333333334,6.0,63.41
OptiPlex 3000 TC,Dell,2021.0,14.0,0.935,9.833333333333334,6.0,63.41
OptiPlex 3000 TC,Dell,2021.0,14.0,0.935,9.833333333333334,6.0,63.41
OptiPlex 3000 TC,Dell,2021.0,14.0,0.935,9.833333333333334,6.0,63.41
OptiPlex 3000 TC,Dell,2021.0,14.0,0.935,9.833333333333334,6.0,63.41
OptiPlex 3000 TC,Dell,2021.0,14.0,0.935,9.833333333333334,6.0,63.41
OptiPlex 3000 Tower,Dell,2021.0,14.0,5.176,9.833333333333334,6.0,41.25
OptiPlex 3050 All-in-One Desktop,Dell,2021.0,14.0,7.715,9.833333333333334,6.0,48.29
OptiPlex 3050 Micro Form Factor,Dell,2021.0,14.0,2.82,9.833333333333334,6.0,59.41
OptiPlex 3050 Small Form Factor,Dell,2021.0,14.0,6.3,9.833333333333334,6.0,46.53
OptiPlex 3050 Tower,Dell,2021.0,14.0,6.1,9.833333333333334,6.0,45.489999999999995
OptiPlex 3060 Micro Form Factor,Dell,2021.0,14.0,2.82,9.833333333333334,6.0,60.53
OptiPlex 3060 Small Form Factor,Dell,2021.0,14.0,5.24,9.833333333333334,6.0,46.93
OptiPlex 3060 Tower,Dell,2021.0,14.0,6.5,9.833333333333334,6.0,41.410000000000004
OptiPlex 3070 Micro Form Factor,Dell,2021.0,14.0,1.4,9.833333333333334,6.0,58.21
OptiPlex 3070 Small Form Factor,Dell,2021.0,14.0,5.26,9.833333333333334,6.0,48.13
OptiPlex 3070 Tower,Dell,2021.0,14.0,7.93,9.833333333333334,6.0,40.05
OptiPlex 3080 Micro Form Factor,Dell,2021.0,14.0,1.4,9.833333333333334,6.0,58.21
OptiPlex 3080 Small Form Factor,Dell,2021.0,14.0,4.6,9.833333333333334,6.0,45.65
OptiPlex 3080 Tower,Dell,2021.0,14.0,5.351,9.833333333333334,6.0,41.410000000000004
OptiPlex 3090 Micro Form Factor,Dell,2021.0,14.0,1.4,9.833333333333334,6.0,59.25
OptiPlex 3090 Small Form Factor,Dell,2021.0,14.0,4.6,9.833333333333334,6.0,46.05
OptiPlex 3090 Tower,Dell,2021.0,14.0,5.902,9.833333333333334,6.0,49.010000000000005
OptiPlex 3090 Ultra,Dell,2021.0,14.0,0.64,9.833333333333334,6.0,63.25
OptiPlex 3280 All-in-One Desktop,Dell,2021.0,14.0,8.55,9.833333333333334,6.0,50.85
OptiPlex 5000 Micro Form Factor,Dell,2021.0,14.0,1.094,9.833333333333334,6.0,59.650000000000006
OptiPlex 5000 Small Form Factor,Dell,2021.0,14.0,3.843,9.833333333333334,6.0,50.370000000000005
OptiPlex 5000 Tower,Dell,2021.0,14.0,5.418,9.833333333333334,6.0,40.21000000000001
OptiPlex 5050 Micro Form Factor,Dell,2021.0,14.0,2.82,9.833333333333334,6.0,59.33
OptiPlex 5050 Small Form Factor,Dell,2021.0,14.0,6.3,9.833333333333334,6.0,47.17
OptiPlex 5050 Tower,Dell,2021.0,14.0,6.1,9.833333333333334,6.0,40.93000000000001
OptiPlex 5055 Small Form Factor,Dell,2021.0,14.0,5.24,9.833333333333334,6.0,45.17
OptiPlex 5055 Tower,Dell,2021.0,14.0,6.7,9.833333333333334,6.0,41.410000000000004
OptiPlex 5060 Micro Form Factor,Dell,2021.0,14.0,2.82,9.833333333333334,6.0,59.09
OptiPlex 5060 Small Form Factor,Dell,2021.0,14.0,5.24,9.833333333333334,6.0,46.05
OptiPlex 5060 Tower,Dell,2021.0,14.0,6.5,9.833333333333334,6.0,40.05
OptiPlex 5070 Micro Form Factor,Dell,2021.0,14.0,1.4,9.833333333333334,6.0,58.290000000000006
OptiPlex 5070 Small Form Factor,Dell,2021.0,14.0,5.26,9.833333333333334,6.0,47.57
OptiPlex 5070 Tower,Dell,2021.0,14.0,7.93,9.833333333333334,6.0,40.05
OptiPlex 5080 Micro Form Factor,Dell,2021.0,14.0,1.38,9.833333333333334,6.0,59.010000000000005
OptiPlex 5080 Small Form Factor,Dell,2021.0,14.0,4.6,9.833333333333334,6.0,48.21
OptiPlex 5080 Tower,Dell,2021.0,14.0,5.902,9.833333333333334,6.0,40.05
OptiPlex 5090 Micro Form Factor,Dell,2021.0,14.0,1.4,9.833333333333334,6.0,59.650000000000006
OptiPlex 5090 Small Form Factor,Dell,2021.0,14.0,4.6,9.833333333333334,6.0,50.45
OptiPlex 5090 Tower,Dell,2021.0,14.0,5.9,9.833333333333334,6.0,40.05
OptiPlex 5250 All-in-One Desktop,Dell,2021.0,14.0,11.075,9.833333333333334,6.0,44.21000000000001
OptiPlex 5260 All-in-One Desktop,Dell,2021.0,14.0,9.54,9.833333333333334,6.0,43.17
OptiPlex 5270 All-in-One Desktop,Dell,2021.0,14.0,9.54,9.833333333333334,6.0,47.81
OptiPlex 5400 All-in-One Desktop,Dell,2021.0,14.0,10.02,9.833333333333334,6.0,46.769999999999996
OptiPlex 5480 All-in-One Desktop,Dell,2021.0,14.0,10.04,9.833333333333334,6.0,41.57
OptiPlex 5490 All-in-One Desktop,Dell,2021.0,14.0,10.02,9.833333333333334,6.0,49.010000000000005
OptiPlex 7000 Micro Form Factor,Dell,2021.0,14.0,1.094,9.833333333333334,6.0,60.370000000000005
OptiPlex 7000 Small Form Factor,Dell,2021.0,14.0,3.859,9.833333333333334,6.0,52.61
OptiPlex 7000 Tower,Dell,2021.0,14.0,5.386,9.833333333333334,6.0,50.69
OptiPlex 7050 Micro Form Factor,Dell,2021.0,14.0,2.82,9.833333333333334,6.0,59.41
OptiPlex 7050 Small Form Factor,Dell,2021.0,14.0,6.3,9.833333333333334,6.0,46.769999999999996
OptiPlex 7050 Tower,Dell,2021.0,14.0,6.5,9.833333333333334,6.0,40.769999999999996
OptiPlex 7060 Micro Form Factor,Dell,2021.0,14.0,2.82,9.833333333333334,6.0,60.45
OptiPlex 7060 Small Form Factor,Dell,2021.0,14.0,5.24,9.833333333333334,6.0,48.21
OptiPlex 7060 Tower,Dell,2021.0,14.0,6.5,9.833333333333334,6.0,41.25
OptiPlex 7070 Micro Form Factor,Dell,2021.0,14.0,1.4,9.833333333333334,6.0,58.290000000000006
OptiPlex 7070 Small Form Factor,Dell,2021.0,14.0,5.26,9.833333333333334,6.0,46.69
OptiPlex 7070 Tower,Dell,2021.0,14.0,7.93,9.833333333333334,6.0,40.05
OptiPlex 7070 Ultra,Dell,2021.0,14.0,0.6,9.833333333333334,6.0,64.37
OptiPlex 7071 Tower,Dell,2021.0,14.0,6.69,9.833333333333334,6.0,40.85
OptiPlex 7080 Micro Form Factor,Dell,2021.0,14.0,1.38,9.833333333333334,6.0,59.010000000000005
OptiPlex 7080 Small Form Factor,Dell,2021.0,14.0,4.6,9.833333333333334,6.0,48.13
OptiPlex 7080 Tower,Dell,2021.0,14.0,4.6,9.833333333333334,6.0,41.010000000000005
OptiPlex 7090 Micro Form Factor,Dell,2021.0,14.0,1.4,9.833333333333334,6.0,58.69
OptiPlex 7090 Small Form Factor,Dell,2021.0,14.0,4.6,9.833333333333334,6.0,49.489999999999995
OptiPlex 7090 Tower,Dell,2021.0,14.0,6.55,9.833333333333334,6.0,43.730000000000004
OptiPlex 7090 Ultra,Dell,2021.0,14.0,0.64,9.833333333333334,6.0,62.93000000000001
OptiPlex 7400 All-in-One,Dell,2021.0,14.0,10.02,9.833333333333334,6.0,46.29
OptiPlex 7450 All-in-One Desktop,Dell,2021.0,14.0,11.759,9.833333333333334,6.0,40.05
OptiPlex 7460 All-in-One Desktop,Dell,2021.0,14.0,9.93,9.833333333333334,6.0,40.05
OptiPlex 7470 All-in-One Desktop,Dell,2021.0,14.0,9.93,9.833333333333334,6.0,44.13
OptiPlex 7480 All-in-One Desktop,Dell,2021.0,14.0,10.02,9.833333333333334,6.0,40.05
OptiPlex 7490 All-in-One Desktop,Dell,2021.0,14.0,10.02,9.833333333333334,6.0,49.489999999999995
OptiPlex 7760 All-in-One Desktop,Dell,2021.0,14.0,13.23,9.833333333333334,6.0,40.05
OptiPlex 7770 All-in-One Desktop,Dell,2021.0,14.0,13.23,9.833333333333334,6.0,40.05
OptiPlex 7780 All-in-One Desktop,Dell,2021.0,14.0,13.54,9.833333333333334,6.0,40.05
OptiPlex XE2 Mini Tower,Dell,2021.0,14.0,9.4,9.833333333333334,6.0,40.05
OptiPlex XE2 Small Form Factor,Dell,2021.0,14.0,6.0,9.833333333333334,6.0,40.05
OptiPlex XE3 Small Form Factor,Dell,2021.0,14.0,5.24,9.833333333333334,6.0,43.97
OptiPlex XE3 Tower,Dell,2021.0,14.0,6.5,9.833333333333334,6.0,40.05
OptiPlex XE4 Small Form Factor,Dell,2021.0,14.0,4.201,9.833333333333334,6.0,51.25
OptiPlex XE4 Tower,Dell,2021.0,14.0,5.828,9.833333333333334,6.0,45.57
OptiPlex XE4 Tower,Dell,2021.0,14.0,5.828,9.833333333333334,6.0,45.57
OptiPlex XE4 Tower,Dell,2021.0,14.0,5.828,9.833333333333334,6.0,45.57
OptiPlex XE4 Tower,Dell,2021.0,14.0,5.828,9.833333333333334,6.0,45.57
OptiPlex XE4 Tower,Dell,2021.0,14.0,5.828,9.833333333333334,6.0,45.57
OptiPlex XE4 Tower,Dell,2021.0,14.0,5.828,9.833333333333334,6.0,45.57
OptiPlex XE4 Tower,Dell,2021.0,14.0,5.828,9.833333333333334,6.0,45.57
OptiPlex XE4 Tower,Dell,2021.0,14.0,5.828,9.833333333333334,6.0,45.57
OptiPlex XE4 Tower,Dell,2021.0,14.0,5.828,9.833333333333334,6.0,45.57
OptiPlex XE4 Tower,Dell,2021.0,14.0,5.828,9.833333333333334,6.0,45.57
OptiPlex XE4 Tower,Dell,2021.0,14.0,5.828,9.833333333333334,6.0,45.57
OptiPlex XE4 Tower,Dell,2021.0,14.0,5.828,9.833333333333334,6.0,45.57
OptiPlex XE4 Tower,Dell,2021.0,14.0,5.828,9.833333333333334,6.0,45.57
OptiPlex XE4 Tower,Dell,2021.0,14.0,5.828,9.833333333333334,6.0,45.57
OptiPlex XE4 Tower,Dell,2021.0,14.0,5.828,9.833333333333334,6.0,45.57
OptiPlex XE4 Tower,Dell,2021.0,14.0,5.828,9.833333333333334,6.0,45.57
OptiPlex XE4 Tower,Dell,2021.0,14.0,5.828,9.833333333333334,6.0,45.57
OptiPlex XE4 Tower,Dell,2021.0,14.0,5.828,9.833333333333334,6.0,45.57
P1914S Monitor,Dell,2021.0,14.0,5.12,9.833333333333334,6.0,40.769999999999996
P1917S Monitor (without stand),Dell,2021.0,14.0,3.24,9.833333333333334,6.0,47.25
P1917S Monitor,Dell,2021.0,14.0,5.97,9.833333333333334,6.0,45.410000000000004
P1917SWH Monitor,Dell,2021.0,14.0,5.97,9.833333333333334,6.0,44.769999999999996
P2017H Monitor,Dell,2017.0,14.0,5.66,30.0,6.0,40.239999999999995
P2018H Monitor,Dell,2018.0,14.0,5.682,30.0,6.0,39.760000000000005
P2217 Monitor,Dell,2021.0,14.0,7.03,9.833333333333334,6.0,41.730000000000004
P2217H Monitor,Dell,2021.0,14.0,5.36,9.833333333333334,6.0,42.61
P2217WH Monitor,Dell,2021.0,14.0,6.957,9.833333333333334,6.0,41.09
P2219H Monitor,Dell,2021.0,14.0,5.9726,9.833333333333334,6.0,42.29
P2219HC Monitor,Dell,2021.0,14.0,6.4726,9.833333333333334,6.0,41.09
P2222H Monitor (without stand),Dell,2021.0,14.0,2.82,9.833333333333334,6.0,43.010000000000005
P2222H Monitor,Dell,2021.0,14.0,4.57,9.833333333333334,6.0,41.57
P2223HC Monitor,Dell,2021.0,14.0,4.64,9.833333333333334,6.0,40.05
P2317H Monitor,Dell,2021.0,14.0,7.32,9.833333333333334,6.0,40.61
P2319H Monitor,Dell,2021.0,14.0,8.766,9.833333333333334,6.0,40.05
P2415Q Monitor,Dell,2021.0,14.0,8.35,9.833333333333334,6.0,40.05
P2417H Monitor,Dell,2021.0,14.0,6.746,9.833333333333334,6.0,42.61
P2418D Monitor,Dell,2021.0,14.0,7.335,9.833333333333334,6.0,40.05
P2418HT Monitor,Dell,2021.0,14.0,2.894,9.833333333333334,6.0,43.010000000000005
P2418HZ Monitor,Dell,2021.0,14.0,7.407,9.833333333333334,6.0,40.05
P2418HZM Monitor,Dell,2021.0,14.0,7.457,9.833333333333334,6.0,40.05
P2419H Monitor,Dell,2021.0,14.0,6.7426,9.833333333333334,6.0,40.05
P2419HC Monitor (without stand),Dell,2021.0,14.0,3.52,9.833333333333334,6.0,41.97
P2419HC Monitor,Dell,2021.0,14.0,7.0126,9.833333333333334,6.0,40.13
P2421 Monitor,Dell,2021.0,14.0,5.6,9.833333333333334,6.0,42.05
P2421D Monitor,Dell,2021.0,14.0,5.36,9.833333333333334,6.0,40.05
P2421DC Monitor,Dell,2021.0,14.0,5.76,9.833333333333334,6.0,40.05
P2422H Monitor (without stand),Dell,2021.0,14.0,3.39,9.833333333333334,6.0,42.93000000000001
P2422H Monitor,Dell,2021.0,14.0,5.15,9.833333333333334,6.0,41.57
P2422HA Monitor,Dell,2021.0,14.0,5.15,9.833333333333334,6.0,40.370000000000005
P2422HE Monitor (without stand),Dell,2021.0,14.0,3.81,9.833333333333334,6.0,40.05
P2422HE Monitor,Dell,2021.0,14.0,5.57,9.833333333333334,6.0,40.05
P2423 Monitor,Dell,2021.0,14.0,5.23,9.833333333333334,6.0,40.05
P2423D Monitor,Dell,2021.0,14.0,5.07,9.833333333333334,6.0,40.05
P2423DE Monitor,Dell,2021.0,14.0,5.55,9.833333333333334,6.0,40.05
P2717H Monitor,Dell,2021.0,14.0,3.4762,9.833333333333334,6.0,40.05
P2719H Monitor,Dell,2021.0,14.0,11.68,9.833333333333334,6.0,40.05
P2719HC Monitor (without stand),Dell,2021.0,14.0,4.67,9.833333333333334,6.0,40.05
P2719HC Monitor,Dell,2021.0,14.0,11.68,9.833333333333334,6.0,40.05
P2720D Monitor,Dell,2021.0,14.0,6.87,9.833333333333334,6.0,40.05
P2720DC Monitor,Dell,2021.0,14.0,7.27,9.833333333333334,6.0,40.05
P2722H Monitor,Dell,2021.0,14.0,6.27,9.833333333333334,6.0,40.05
P2722HE Monitor,Dell,2021.0,14.0,6.81,9.833333333333334,6.0,40.05
P2723D Monitor,Dell,2021.0,14.0,6.38,9.833333333333334,6.0,40.05
P2723DE Monitor,Dell,2021.0,14.0,6.91,9.833333333333334,6.0,40.05
P2723QE Monitor,Dell,2021.0,14.0,6.88,9.833333333333334,6.0,40.05
P3221D Monitor,Dell,2021.0,14.0,10.7,9.833333333333334,6.0,40.05
P3222QE Monitor,Dell,2021.0,14.0,9.6,9.833333333333334,6.0,40.05
P3223DE Monitor,Dell,2021.0,14.0,11.7,9.833333333333334,6.0,40.05
P3223QE Monitor,Dell,2021.0,14.0,9.9,9.833333333333334,6.0,40.05
P3418HW Monitor,Dell,2021.0,14.0,12.2805,9.833333333333334,6.0,40.05
P3421W Monitor,Dell,2021.0,14.0,10.3,9.833333333333334,6.0,40.05
Precision 3240 Tower,Dell,2021.0,14.0,2.1,9.833333333333334,6.0,52.370000000000005
Precision 3260 Compact,Dell,2021.0,14.0,1.426,9.833333333333334,6.0,57.730000000000004
Precision 3260 Compact,Dell,2021.0,14.0,1.426,9.833333333333334,6.0,57.730000000000004
Precision 3260 Compact,Dell,2021.0,14.0,1.426,9.833333333333334,6.0,57.730000000000004
Precision 3260 Compact,Dell,2021.0,14.0,1.426,9.833333333333334,6.0,57.730000000000004
Precision 3260 Compact,Dell,2021.0,14.0,1.426,9.833333333333334,6.0,57.730000000000004
Precision 3260 Compact,Dell,2021.0,14.0,1.426,9.833333333333334,6.0,57.730000000000004
Precision 3260 Compact,Dell,2021.0,14.0,1.426,9.833333333333334,6.0,57.730000000000004
Precision 3260 Compact,Dell,2021.0,14.0,1.426,9.833333333333334,6.0,57.730000000000004
Precision 3260 Compact,Dell,2021.0,14.0,1.426,9.833333333333334,6.0,57.730000000000004
Precision 3260 Compact,Dell,2021.0,14.0,1.426,9.833333333333334,6.0,57.730000000000004
Precision 3260 Compact,Dell,2021.0,14.0,1.426,9.833333333333334,6.0,57.730000000000004
Precision 3260 Compact,Dell,2021.0,14.0,1.426,9.833333333333334,6.0,57.730000000000004
Precision 3260 Compact,Dell,2021.0,14.0,1.426,9.833333333333334,6.0,57.730000000000004
Precision 3260 Compact,Dell,2021.0,14.0,1.426,9.833333333333334,6.0,57.730000000000004
Precision 3260 Compact,Dell,2021.0,14.0,1.426,9.833333333333334,6.0,57.730000000000004
Precision 3260 Compact,Dell,2021.0,14.0,1.426,9.833333333333334,6.0,57.730000000000004
Precision 3260 Compact,Dell,2021.0,14.0,1.426,9.833333333333334,6.0,57.730000000000004
Precision 3260 Compact,Dell,2021.0,14.0,1.426,9.833333333333334,6.0,57.730000000000004
Precision 3431 Small Form Factor,Dell,2021.0,14.0,5.26,9.833333333333334,6.0,44.21000000000001
Precision 3440 Small Form Factor,Dell,2021.0,14.0,4.6,9.833333333333334,6.0,48.13
Precision 3450 Small Form Factor,Dell,2021.0,14.0,4.6,9.833333333333334,6.0,49.010000000000005
Precision 3460 Small Form Factor fwsdfFFactor,Dell,2021.0,14.0,3.867,9.833333333333334,6.0,44.93000000000001
Precision 3470,Dell,2021.0,14.0,1.49,9.833333333333334,6.0,56.45
Precision 3510,Dell,2021.0,14.0,2.6,9.833333333333334,6.0,53.57
Precision 3520,Dell,2021.0,14.0,2.17,9.833333333333334,6.0,55.730000000000004
Precision 3530,Dell,2021.0,14.0,2.03,9.833333333333334,6.0,53.25
Precision 3540,Dell,2021.0,14.0,1.9,9.833333333333334,6.0,48.93
Precision 3541,Dell,2021.0,14.0,1.97,9.833333333333334,6.0,48.53
Precision 3550,Dell,2021.0,14.0,1.85,9.833333333333334,6.0,48.45
Precision 3560,Dell,2021.0,14.0,1.825,9.833333333333334,6.0,55.010000000000005
Precision 3561,Dell,2021.0,14.0,1.79,9.833333333333334,6.0,49.730000000000004
Precision 3570,Dell,2021.0,14.0,1.78,9.833333333333334,6.0,50.93000000000001
Precision 3571,Dell,2021.0,14.0,1.792,9.833333333333334,6.0,50.13
Precision 3640 Tower,Dell,2021.0,14.0,13.0,9.833333333333334,6.0,40.05
Precision 3650 Tower,Dell,2021.0,14.0,13.0,9.833333333333334,6.0,40.05
Precision 3660 Tower,Dell,2021.0,14.0,7.678,9.833333333333334,6.0,40.05
Precision 3930 Rack,Dell,2021.0,14.0,7.8,9.833333333333334,6.0,40.05
Precision 5470,Dell,2021.0,14.0,1.48,9.833333333333334,6.0,48.45
Precision 5520,Dell,2021.0,14.0,1.88,9.833333333333334,6.0,50.61
Precision 5530 2-In-1,Dell,2021.0,14.0,2.04,9.833333333333334,6.0,53.650000000000006
Precision 5530,Dell,2021.0,14.0,2.05,9.833333333333334,6.0,52.85
Precision 5540,Dell,2021.0,14.0,2.1,9.833333333333334,6.0,40.05
Precision 5550,Dell,2021.0,14.0,2.05,9.833333333333334,6.0,46.93
Precision 5560,Dell,2021.0,14.0,2.04,9.833333333333334,6.0,45.489999999999995
Precision 5570,Dell,2021.0,14.0,2.04,9.833333333333334,6.0,44.61
Precision 5760,Dell,2021.0,14.0,2.53,9.833333333333334,6.0,40.05
Precision 5770,Dell,2021.0,14.0,2.5,9.833333333333334,6.0,40.05
Precision 7520,Dell,2021.0,14.0,2.98,9.833333333333334,6.0,48.13
Precision 7530,Dell,2021.0,14.0,2.52,9.833333333333334,6.0,48.13
Precision 7540,Dell,2021.0,14.0,2.52,9.833333333333334,6.0,50.69
Precision 7560,Dell,2021.0,14.0,2.49,9.833333333333334,6.0,43.410000000000004
Precision 7670,Dell,2021.0,14.0,2.6,9.833333333333334,6.0,42.29
Precision 7720,Dell,2021.0,14.0,3.45,9.833333333333334,6.0,46.769999999999996
Precision 7730,Dell,2021.0,14.0,3.09,9.833333333333334,6.0,41.97
Precision 7740,Dell,2021.0,14.0,3.09,9.833333333333334,6.0,43.010000000000005
Precision 7750,Dell,2021.0,14.0,3.13,9.833333333333334,6.0,40.45
Precision 7760,Dell,2021.0,14.0,3.01,9.833333333333334,6.0,40.05
Precision 7770,Dell,2021.0,14.0,3.05,9.833333333333334,6.0,40.93000000000001
Precision 7865 Tower,Dell,2021.0,14.0,15.346,9.833333333333334,6.0,40.05
Precision 7865 Tower,Dell,2021.0,14.0,15.346,9.833333333333334,6.0,40.05
Precision 7865 Tower,Dell,2021.0,14.0,15.346,9.833333333333334,6.0,40.05
Precision 7865 Tower,Dell,2021.0,14.0,15.346,9.833333333333334,6.0,40.05
Precision 7865 Tower,Dell,2021.0,14.0,15.346,9.833333333333334,6.0,40.05
Precision 7865 Tower,Dell,2021.0,14.0,15.346,9.833333333333334,6.0,40.05
Precision 7865 Tower,Dell,2021.0,14.0,15.346,9.833333333333334,6.0,40.05
Precision 7865 Tower,Dell,2021.0,14.0,15.346,9.833333333333334,6.0,40.05
Precision 7865 Tower,Dell,2021.0,14.0,15.346,9.833333333333334,6.0,40.05
Precision 7865 Tower,Dell,2021.0,14.0,15.346,9.833333333333334,6.0,40.05
Precision 7865 Tower,Dell,2021.0,14.0,15.346,9.833333333333334,6.0,40.05
Precision 7865 Tower,Dell,2021.0,14.0,15.346,9.833333333333334,6.0,40.05
Precision 7865 Tower,Dell,2021.0,14.0,15.346,9.833333333333334,6.0,40.05
Precision 7865 Tower,Dell,2021.0,14.0,15.346,9.833333333333334,6.0,40.05
Precision 7865 Tower,Dell,2021.0,14.0,15.346,9.833333333333334,6.0,40.05
Precision 7865 Tower,Dell,2021.0,14.0,15.346,9.833333333333334,6.0,40.05
Precision 7865 Tower,Dell,2021.0,14.0,15.346,9.833333333333334,6.0,40.05
Precision 7865 Tower,Dell,2021.0,14.0,15.346,9.833333333333334,6.0,40.05
Precision Tower 3420,Dell,2021.0,14.0,8.2,9.833333333333334,6.0,40.05
Precision Tower 3430,Dell,2021.0,14.0,5.24,9.833333333333334,6.0,45.65
Precision Tower 3620,Dell,2021.0,14.0,9.2,9.833333333333334,6.0,40.05
Precision Tower 3630,Dell,2021.0,14.0,10.57,9.833333333333334,6.0,40.05
Precision Tower 5810,Dell,2021.0,14.0,15.7,9.833333333333334,6.0,40.05
Precision Tower 5820,Dell,2021.0,14.0,21.7,9.833333333333334,6.0,40.05
Precision Tower 7810,Dell,2021.0,14.0,16.77,9.833333333333334,6.0,40.05
Precision Tower 7820,Dell,2021.0,14.0,24.7,9.833333333333334,6.0,40.05
Precision Tower 7910,Dell,2021.0,14.0,22.61,9.833333333333334,6.0,40.05
Precision Tower 7920,Dell,2021.0,14.0,33.1,9.833333333333334,6.0,40.05
S2216H Monitor,Dell,2021.0,14.0,4.497,9.833333333333334,6.0,43.730000000000004
S2218H Monitor,Dell,2021.0,14.0,4.449,9.833333333333334,6.0,40.769999999999996
S2218M Monitor,Dell,2021.0,14.0,4.388,9.833333333333334,6.0,41.97
S2316H Monitor,Dell,2021.0,14.0,4.575,9.833333333333334,6.0,43.010000000000005
S2318H Monitor,Dell,2021.0,14.0,4.839,9.833333333333334,6.0,41.010000000000005
S2318HN Monitor,Dell,2021.0,14.0,2.591,9.833333333333334,6.0,41.81
S2318M Monitor,Dell,2021.0,14.0,5.34,9.833333333333334,6.0,45.81
S2417DG Monitor,Dell,2021.0,14.0,8.025,9.833333333333334,6.0,40.05
S2418H Monitor,Dell,2021.0,14.0,2.5222,9.833333333333334,6.0,40.05
S2421H Monitor,Dell,2021.0,14.0,3.9,9.833333333333334,6.0,41.97
S2421HN Monitor,Dell,2021.0,14.0,3.8,9.833333333333334,6.0,42.05
S2421HS Monitor,Dell,2021.0,14.0,4.5,9.833333333333334,6.0,41.97
S2421HSX Monitor,Dell,2021.0,14.0,4.5,9.833333333333334,6.0,41.89
S2421NX Monitor,Dell,2021.0,14.0,3.8,9.833333333333334,6.0,42.21000000000001
S2716DG Monitor,Dell,2021.0,14.0,9.765,9.833333333333334,6.0,40.05
S2718D Monitor,Dell,2021.0,14.0,10.1,9.833333333333334,6.0,40.05
S2718H Monitor,Dell,2021.0,14.0,7.7,9.833333333333334,6.0,40.05
S2721D Monitor,Dell,2021.0,14.0,5.4,9.833333333333334,6.0,40.05
S2721DS Monitor,Dell,2021.0,14.0,6.19,9.833333333333334,6.0,40.05
S2721H Monitor,Dell,2021.0,14.0,5.0,9.833333333333334,6.0,40.05
S2721HN Monitor,Dell,2021.0,14.0,5.1,9.833333333333334,6.0,40.05
S2721HS Monitor,Dell,2021.0,14.0,5.8,9.833333333333334,6.0,40.05
S2721HSX Monitor,Dell,2021.0,14.0,5.8,9.833333333333334,6.0,40.05
S2721NX Monitor,Dell,2021.0,14.0,5.1,9.833333333333334,6.0,40.05
S2721Q Monitor,Dell,2021.0,14.0,5.4,9.833333333333334,6.0,40.05
SE2216H Monitor,Dell,2021.0,14.0,5.281,9.833333333333334,6.0,44.13
SE2416H Monitor,Dell,2021.0,14.0,6.2,9.833333333333334,6.0,42.05
SE2417HG Monitor,Dell,2021.0,14.0,4.07,9.833333333333334,6.0,49.17
SE2717H Monitor,Dell,2021.0,14.0,8.307,9.833333333333334,6.0,40.05
U2412M Monitor,Dell,2021.0,14.0,7.284,9.833333333333334,6.0,40.05
U2412MWH Monitor,Dell,2021.0,14.0,7.6917,9.833333333333334,6.0,40.05
U2414H Monitor,Dell,2021.0,14.0,7.671,9.833333333333334,6.0,40.05
U2415 Monitor,Dell,2021.0,14.0,8.605,9.833333333333334,6.0,40.05
U2417H Monitor,Dell,2021.0,14.0,2.498,9.833333333333334,6.0,44.21000000000001
U2417HA Monitor,Dell,2021.0,14.0,2.3787,9.833333333333334,6.0,42.53
U2417HWH Monitor,Dell,2021.0,14.0,2.4987,9.833333333333334,6.0,40.05
U2419H Monitor,Dell,2021.0,14.0,7.2156,9.833333333333334,6.0,40.05
U2419HC Monitor,Dell,2021.0,14.0,7.2156,9.833333333333334,6.0,40.05
U2419HX Monitor,Dell,2021.0,14.0,7.2156,9.833333333333334,6.0,40.05
U2421E Monitor,Dell,2021.0,14.0,6.2,9.833333333333334,6.0,40.05
U2422H Monitor (without stand),Dell,2021.0,14.0,3.52,9.833333333333334,6.0,43.17
U2422H Monitor,Dell,2021.0,14.0,5.27,9.833333333333334,6.0,41.730000000000004
U2422HE Monitor,Dell,2021.0,14.0,5.71,9.833333333333334,6.0,40.05
U2422HX Monitor,Dell,2021.0,14.0,5.27,9.833333333333334,6.0,41.730000000000004
U2520D Monitor,Dell,2021.0,14.0,5.92,9.833333333333334,6.0,40.05
U2520DR Monitor,Dell,2021.0,14.0,5.92,9.833333333333334,6.0,40.05
U2720Q Monitor,Dell,2021.0,14.0,6.2,9.833333333333334,6.0,40.05
U2721DE Monitor,Dell,2021.0,14.0,6.0,9.833333333333334,6.0,40.05
U2722D Monitor,Dell,2021.0,14.0,6.19,9.833333333333334,6.0,40.05
U2722DE Monitor,Dell,2021.0,14.0,6.59,9.833333333333334,6.0,40.05
U2722DX Monitor,Dell,2021.0,14.0,6.19,9.833333333333334,6.0,40.05
U2723QE Monitor,Dell,2021.0,14.0,6.27,9.833333333333334,6.0,40.05
U2723QX Monitor,Dell,2021.0,14.0,6.27,9.833333333333334,6.0,40.05
U3023E Monitor,Dell,2021.0,14.0,10.76,9.833333333333334,6.0,40.05
U3223QE Monitor,Dell,2021.0,14.0,9.988,9.833333333333334,6.0,40.05
U3223QZ Monitor,Dell,2021.0,14.0,11.73,9.833333333333334,6.0,40.05
U3419W Monitor,Dell,2021.0,14.0,11.1,9.833333333333334,6.0,40.05
U3421WE Monitor,Dell,2021.0,14.0,11.19,9.833333333333334,6.0,40.05
U3818DW Monitor,Dell,2021.0,14.0,18.26,9.833333333333334,6.0,40.05
U3821DW Monitor,Dell,2021.0,14.0,13.13,9.833333333333334,6.0,40.05
U4021QW Monitor,Dell,2021.0,14.0,13.85,9.833333333333334,6.0,40.05
U4320Q Monitor,Dell,2021.0,14.0,13.2,9.833333333333334,6.0,40.05
U4919DW Monitor,Dell,2021.0,14.0,16.742,9.833333333333334,6.0,40.05
Vostro 15 3510,Dell,2021.0,14.0,1.85,9.833333333333334,6.0,58.21
Vostro 15 3515,Dell,2021.0,14.0,1.85,9.833333333333334,6.0,57.49
Vostro 3910,Dell,2021.0,14.0,5.176,9.833333333333334,6.0,50.370000000000005
Vostro 5320,Dell,2021.0,14.0,1.249,9.833333333333334,6.0,53.97
Vostro 5620,Dell,2021.0,14.0,1.97,9.833333333333334,6.0,49.17
Vostro 5625,Dell,2021.0,14.0,1.97,9.833333333333334,6.0,49.650000000000006
Vostro 7620,Dell,2021.0,14.0,1.96,9.833333333333334,6.0,47.089999999999996
Wyse 3030 Thin Client,Dell,2021.0,14.0,0.64,9.833333333333334,6.0,74.45
Wyse 3040 Thin Client,Dell,2021.0,14.0,0.24,9.833333333333334,6.0,72.29
Wyse 5010 Thin Client,Dell,2021.0,14.0,0.93,9.833333333333334,6.0,73.17
Wyse 5020 Thin Client,Dell,2021.0,14.0,0.425,9.833333333333334,6.0,72.93
Wyse 5030 PCoIP Zero Client,Dell,2021.0,14.0,0.425,9.833333333333334,6.0,72.53
Wyse 5040 All-in-One Thin Client,Dell,2021.0,14.0,3.58,9.833333333333334,6.0,64.29
Wyse 5050 All-in-One Thin Client,Dell,2021.0,14.0,0.93,9.833333333333334,6.0,68.53
Wyse 5060 Thin Client,Dell,2021.0,14.0,1.0,9.833333333333334,6.0,72.05
Wyse 5070 Extended Thin Client,Dell,2021.0,14.0,4.1344562068965525,9.833333333333334,6.0,67.25
Wyse 5070 Thin Client,Dell,2021.0,14.0,1.11,9.833333333333334,6.0,68.05
Wyse 5470 All-in-One Thin Client,Dell,2021.0,14.0,6.02,9.833333333333334,6.0,64.93
Wyse 5470 Thin Client,Dell,2021.0,14.0,1.79,9.833333333333334,6.0,70.37
Wyse 7010 Thin Client,Dell,2021.0,14.0,1.1,9.833333333333334,6.0,71.81
Wyse 7020 Thin Client,Dell,2021.0,14.0,1.35,9.833333333333334,6.0,71.57
Wyse 7030 PCoIP Zero Client,Dell,2021.0,14.0,0.816,9.833333333333334,6.0,71.41
Wyse 7040 Thin Client,Dell,2021.0,14.0,1.18,9.833333333333334,6.0,70.28999999999999
XPS 13 7390 2-IN-1,Dell,2021.0,14.0,1.33,9.833333333333334,6.0,50.29
XPS 13 9300,Dell,2021.0,14.0,1.32,9.833333333333334,6.0,53.89
XPS 13 9310 2-IN-1,Dell,2021.0,14.0,1.37,9.833333333333334,6.0,52.69
XPS 13 9310,Dell,2021.0,14.0,1.31,9.833333333333334,6.0,54.29
XPS 13 9360,Dell,2021.0,14.0,1.23,9.833333333333334,6.0,57.17
XPS 13 9365 2-in-1,Dell,2021.0,14.0,1.24,9.833333333333334,6.0,57.09
XPS 13 9370,Dell,2021.0,14.0,1.27,9.833333333333334,6.0,56.290000000000006
XPS 13 9380,Dell,2021.0,14.0,1.27,9.833333333333334,6.0,54.69
XPS 15 9500,Dell,2021.0,14.0,2.05,9.833333333333334,6.0,49.650000000000006
XPS 15 9510,Dell,2021.0,14.0,2.04,9.833333333333334,6.0,45.57
XPS 15 9520,Dell,2021.0,14.0,2.04,9.833333333333334,6.0,45.57
XPS 15 9560,Dell,2021.0,14.0,1.88,9.833333333333334,6.0,53.09
XPS 15 9570,Dell,2021.0,14.0,2.05,9.833333333333334,6.0,54.13
XPS 17 9710,Dell,2021.0,14.0,2.53,9.833333333333334,6.0,40.05
XPS 9315 2-in-1,Dell,2021.0,14.0,0.8728,9.833333333333334,6.0,47.17
XPS 9315,Dell,2021.0,14.0,1.14,9.833333333333334,6.0,47.730000000000004
XPS 9315,Dell,2021.0,14.0,1.14,9.833333333333334,6.0,47.730000000000004
XPS 9315,Dell,2021.0,14.0,1.14,9.833333333333334,6.0,47.730000000000004
XPS 9315,Dell,2021.0,14.0,1.14,9.833333333333334,6.0,47.730000000000004
XPS 9315,Dell,2021.0,14.0,1.14,9.833333333333334,6.0,47.730000000000004
XPS 9315,Dell,2021.0,14.0,1.14,9.833333333333334,6.0,47.730000000000004
XPS 9315,Dell,2021.0,14.0,1.14,9.833333333333334,6.0,47.730000000000004
XPS 9315,Dell,2021.0,14.0,1.14,9.833333333333334,6.0,47.730000000000004
XPS 9315,Dell,2021.0,14.0,1.14,9.833333333333334,6.0,47.730000000000004
XPS 9315,Dell,2021.0,14.0,1.14,9.833333333333334,6.0,47.730000000000004
XPS 9315,Dell,2021.0,14.0,1.14,9.833333333333334,6.0,47.730000000000004
XPS 9315,Dell,2021.0,14.0,1.14,9.833333333333334,6.0,47.730000000000004
XPS 9315,Dell,2021.0,14.0,1.14,9.833333333333334,6.0,47.730000000000004
XPS 9315,Dell,2021.0,14.0,1.14,9.833333333333334,6.0,47.730000000000004
XPS 9315,Dell,2021.0,14.0,1.14,9.833333333333334,6.0,47.730000000000004
XPS 9315,Dell,2021.0,14.0,1.14,9.833333333333334,6.0,47.730000000000004
XPS 9315,Dell,2021.0,14.0,1.14,9.833333333333334,6.0,47.730000000000004
XPS 9315,Dell,2021.0,14.0,1.14,9.833333333333334,6.0,47.730000000000004
XPS 9320,Dell,2021.0,14.0,1.24,9.833333333333334,6.0,49.650000000000006
XPS 9320,Dell,2021.0,14.0,1.24,9.833333333333334,6.0,49.650000000000006
XPS 9320,Dell,2021.0,14.0,1.24,9.833333333333334,6.0,49.650000000000006
XPS 9320,Dell,2021.0,14.0,1.24,9.833333333333334,6.0,49.650000000000006
XPS 9320,Dell,2021.0,14.0,1.24,9.833333333333334,6.0,49.650000000000006
XPS 9320,Dell,2021.0,14.0,1.24,9.833333333333334,6.0,49.650000000000006
XPS 9320,Dell,2021.0,14.0,1.24,9.833333333333334,6.0,49.650000000000006
XPS 9320,Dell,2021.0,14.0,1.24,9.833333333333334,6.0,49.650000000000006
XPS 9320,Dell,2021.0,14.0,1.24,9.833333333333334,6.0,49.650000000000006
XPS 9320,Dell,2021.0,14.0,1.24,9.833333333333334,6.0,49.650000000000006
XPS 9320,Dell,2021.0,14.0,1.24,9.833333333333334,6.0,49.650000000000006
XPS 9320,Dell,2021.0,14.0,1.24,9.833333333333334,6.0,49.650000000000006
XPS 9320,Dell,2021.0,14.0,1.24,9.833333333333334,6.0,49.650000000000006
XPS 9320,Dell,2021.0,14.0,1.24,9.833333333333334,6.0,49.650000000000006
XPS 9320,Dell,2021.0,14.0,1.24,9.833333333333334,6.0,49.650000000000006
XPS 9320,Dell,2021.0,14.0,1.24,9.833333333333334,6.0,49.650000000000006
XPS 9320,Dell,2021.0,14.0,1.24,9.833333333333334,6.0,49.650000000000006
XPS 9320,Dell,2021.0,14.0,1.24,9.833333333333334,6.0,49.650000000000006
XPS 9320,Dell,2021.0,14.0,1.24,9.833333333333334,6.0,49.650000000000006
XPS 9320,Dell,2021.0,14.0,1.24,9.833333333333334,6.0,49.650000000000006
XPS 9320,Dell,2021.0,14.0,1.24,9.833333333333334,6.0,49.650000000000006
XPS 9720,Dell,2021.0,14.0,2.5,9.833333333333334,6.0,40.05
Fairphone 3,Fairphone,2021.0,14.0,4.1344562068965525,9.833333333333334,6.0,76.89
Fairphone 4,Fairphone,2021.0,14.0,4.1344562068965525,9.833333333333334,6.0,76.058
Pixel 2 XL,Google,2021.0,14.0,0.175,9.833333333333334,6.0,74.33
Pixel 2,Google,2021.0,14.0,0.143,9.833333333333334,6.0,74.738
Pixel 3 XL,Google,2021.0,14.0,0.184,9.833333333333334,4.0,70.45
Pixel 3,Google,2021.0,14.0,0.148,9.833333333333334,4.0,70.85000000000001
Pixel 3a XL,Google,2021.0,14.0,0.166,9.833333333333334,6.0,76.05
Pixel 3a,Google,2021.0,14.0,0.144,9.833333333333334,6.0,76.45
Pixel 4 XL,Google,2021.0,14.0,0.193,9.833333333333334,4.0,69.65
Pixel 4,Google,2021.0,14.0,0.162,9.833333333333334,6.0,74.05
Pixel 4a (5G),Google,2021.0,14.0,0.171,9.833333333333334,6.0,74.85000000000001
Pixel 4a,Google,2021.0,14.0,0.143,9.833333333333334,6.0,76.45
Pixel 5,Google,2021.0,14.0,0.151,9.833333333333334,6.0,73.25
Pixel 5a with 5G,Google,2021.0,14.0,4.1344562068965525,9.833333333333334,6.0,75.25
Pixel 6 Pro,Google,2021.0,14.0,4.1344562068965525,9.833333333333334,6.0,72.45
Pixel 6,Google,2021.0,14.0,4.1344562068965525,9.833333333333334,6.0,73.25
Pixel 6a,Google,2021.0,14.0,4.1344562068965525,9.833333333333334,6.0,74.85000000000001
Pixel 7 Pro,Google,2021.0,14.0,4.1344562068965525,9.833333333333334,6.0,73.25
Pixel 7,Google,2021.0,14.0,4.1344562068965525,9.833333333333334,6.0,74.45
Pixel Slate,Google,2021.0,14.0,0.731,9.833333333333334,6.0,69.25
Pixel Watch,Google,2021.0,14.0,4.1344562068965525,9.833333333333334,6.0,78.05
Pixelbook Go,Google,2021.0,14.0,1.056,9.833333333333334,6.0,64.45
Pixelbook,Google,2021.0,14.0,1.1,9.833333333333334,6.0,64.00200000000001
11 inch Tablet PC,HP,2021.0,11.0,0.858,30.0,6.0,59.44
14 inch 4G LTE Laptop PC,HP,2021.0,14.0,1.4,9.833333333333334,6.0,64.29
14s Laptop PC ENERGY STAR,HP,2021.0,14.0,1.6,9.833333333333334,6.0,63.17
15 Laptop PC ENERGY STAR,HP,2021.0,14.0,2.1,9.833333333333334,6.0,61.57
15 Laptop PC,HP,2021.0,14.0,2.1,9.833333333333334,6.0,61.81
17 Laptop PC,HP,2021.0,14.0,2.48,9.833333333333334,6.0,55.25
250 G9 Notebook PC,HP,2021.0,14.0,2.2,9.833333333333334,6.0,64.53
255 G9 Notebook PC,HP,2021.0,14.0,2.2,9.833333333333334,6.0,61.650000000000006
256 G9 Notebook PC,HP,2021.0,14.0,2.2,9.833333333333334,6.0,64.53
470 G8 Notebook PC,HP,2021.0,14.0,2.49,9.833333333333334,6.0,51.25
Chromebook 11a,HP,2021.0,14.0,1.3,9.833333333333334,6.0,66.13
Chromebook 14a,HP,2021.0,14.0,1.61,9.833333333333334,6.0,55.25
Chromebook 14b,HP,2021.0,14.0,1.7,9.833333333333334,6.0,65.33
Chromebook Enterprise 11 G9 EE,HP,2021.0,14.0,1.45,9.833333333333334,6.0,56.45
Chromebook Enterprise 14 G7,HP,2021.0,14.0,1.72,9.833333333333334,6.0,55.650000000000006
Chromebook Enterprise x360 11 G4 EE,HP,2021.0,14.0,1.722,9.833333333333334,6.0,56.05
Chromebook x2 11,HP,2021.0,14.0,1.2,9.833333333333334,6.0,66.13
Chromebook x360 14a,HP,2021.0,14.0,1.66,9.833333333333334,6.0,54.85
Chromebook x360 14b,HP,2021.0,14.0,1.81,9.833333333333334,6.0,54.85
Chromebook x360 14c Notebook PC,HP,2021.0,14.0,1.82,9.833333333333334,6.0,54.85
E14 G4 Portable Monitor,HP,2021.0,14.0,0.6,9.833333333333334,6.0,41.650000000000006
E22 G4 FHD monitor,HP,2021.0,14.0,5.79,9.833333333333334,6.0,40.05
E22 G4,HP,2021.0,14.0,5.79,9.833333333333334,6.0,40.05
E23 G4 FHD Monitor,HP,2021.0,14.0,5.8,9.833333333333334,6.0,40.05
E230t 23 inch Display,HP,2021.0,23.0,5.4,30.0,6.0,53.2
E24 G4 FHD Monitor,HP,2021.0,14.0,5.98,9.833333333333334,6.0,40.05
E24 G4 HO DUAL,HP,2021.0,14.0,3.64,9.833333333333334,6.0,40.05
E24 G4 HO,HP,2021.0,14.0,3.64,9.833333333333334,6.0,40.05
E24i G4 HO,HP,2021.0,14.0,6.44,9.833333333333334,6.0,40.05
E24i G4 WUXGA Monitor,HP,2021.0,14.0,6.44,9.833333333333334,6.0,40.05
E24m G4 FHD USB-C Conferencing Monitor,HP,2021.0,14.0,7.4,9.833333333333334,6.0,57.17
E24mv G4 Collaboration Monitor,HP,2021.0,14.0,0.5,9.833333333333334,6.0,57.17
E24q G4 QHD Monitor,HP,2021.0,14.0,6.234,9.833333333333334,6.0,40.05
E24t G4 FHD Touch Monitor,HP,2021.0,14.0,6.22,9.833333333333334,6.0,40.05
E24u G4 FHD USB-C Monitor,HP,2021.0,14.0,6.44,9.833333333333334,6.0,40.05
E27 G4 FHD Monitor,HP,2021.0,14.0,7.65,9.833333333333334,6.0,40.05
E27m G4 QHD USB-C Conferencing Monitor,HP,2021.0,14.0,8.37,9.833333333333334,6.0,49.730000000000004
E27q G4 QHD Monitor,HP,2021.0,14.0,7.65,9.833333333333334,6.0,40.05
E27u G4 QHD USB-C Monitor,HP,2021.0,14.0,7.74,9.833333333333334,6.0,40.05
E34m G4 WQHD Curved USB-C Conferencing Monitor,HP,2021.0,14.0,12.18,9.833333333333334,6.0,40.769999999999996
Elite Tower 880 G9 Desktop PC,HP,2021.0,14.0,0.8,9.833333333333334,6.0,40.05
Elite x2 G8,HP,2021.0,14.0,1.1,9.833333333333334,6.0,56.05
EliteBook 645 14 inch G9 Notebook PC,HP,2021.0,14.0,0.7,9.833333333333334,6.0,66.77
EliteBook 655 15.6 inch G9 Notebook PC,HP,2021.0,15.6,1.9,30.0,6.0,60.0
EliteBook 835 G8 Notebook PC,HP,2021.0,14.0,1.58,9.833333333333334,6.0,53.25
EliteBook 840 Aero G8 Notebook PC,HP,2021.0,14.0,1.43,9.833333333333334,6.0,52.45
EliteBook 845 G8 Notebook PC,HP,2021.0,14.0,1.74,9.833333333333334,6.0,53.650000000000006
EliteBook 855 G8 Notebook PC,HP,2021.0,14.0,2.04,9.833333333333334,6.0,51.650000000000006
EliteBook x360 1040 G8 Notebook PC,HP,2021.0,14.0,1.625,9.833333333333334,6.0,54.05
Engage Go 10 Mobile System,HP,2021.0,14.0,2.05,9.833333333333334,6.0,65.73
Engage One 14 nostand,HP,2021.0,14.0,2.17,9.833333333333334,6.0,44.85
Engage One 14 withstand,HP,2021.0,14.0,2.17,9.833333333333334,6.0,44.85
Engage One 14t Nostand,HP,2021.0,14.0,2.46,9.833333333333334,6.0,44.05
Engage One 14t withstand,HP,2021.0,14.0,2.46,9.833333333333334,6.0,44.05
Engage One 16t Monitor,HP,2021.0,14.0,3.13,9.833333333333334,6.0,41.25
Engage One 16ts Monitor,HP,2021.0,14.0,4.17,9.833333333333334,6.0,40.45
ENVY 17 Laptop PC,HP,2021.0,14.0,2.78,9.833333333333334,6.0,48.85
ENVY 34 inch All-in-One Desktop PC 34-c,HP,2021.0,34.0,12.7,30.0,6.0,34.0
ENVY x360 15 Convertible PC,HP,2021.0,14.0,2.16,9.833333333333334,6.0,48.45
Fortis 11 inch G9 Chromebook Enterprise,HP,2021.0,11.0,0.52,30.0,6.0,59.6
Fortis 11 inch G9 Chromebook,HP,2021.0,11.0,0.52,30.0,6.0,59.6
Fortis 14” G10 Chromebook Enterprise,HP,2021.0,14.0,1.8,9.833333333333334,6.0,66.69
Fortis 14” G10 Chromebook,HP,2021.0,14.0,1.8,9.833333333333334,6.0,66.69
Fortis x360 11 inch G4 Chromebook Enterprise,HP,2021.0,11.0,0.7,30.0,6.0,59.44
Fortis x360 11 inch G4 Chromebook,HP,2021.0,11.0,0.7,30.0,6.0,59.44
M24 Webcam 23.8-inch Monitor,HP,2021.0,14.0,6.5,9.833333333333334,6.0,60.05
M24fd FHD USB-C Monitor,HP,2021.0,14.0,0.3,9.833333333333334,6.0,60.13
M27 Webcam 27-inch Monitor,HP,2021.0,14.0,7.5,9.833333333333334,6.0,56.370000000000005
Omen 27c,HP,2021.0,14.0,7.4,9.833333333333334,6.0,49.57
Omen 27u,HP,2021.0,14.0,8.5,9.833333333333334,6.0,42.45
OMEN by HP 16 Laptop PC,HP,2021.0,14.0,3.09,9.833333333333334,6.0,41.25
P22 G4 21.5-inch monitor,HP,2021.0,14.0,3.15,9.833333333333334,6.0,40.05
P22a G4,HP,2021.0,14.0,4.9,9.833333333333334,6.0,65.65
P22va G4,HP,2021.0,14.0,2.79,9.833333333333334,6.0,40.05
P24 G4 23.8-inch Monitor,HP,2021.0,14.0,3.56,9.833333333333334,6.0,40.05
P24a G4,HP,2021.0,14.0,5.9,9.833333333333334,6.0,61.81
P24h G4 23.8-inch Monitor,HP,2021.0,14.0,4.96,9.833333333333334,6.0,40.05
P24vb G4,HP,2021.0,14.0,5.2,9.833333333333334,6.0,62.370000000000005
P34hc G4 WQHD USB-C Curved Monitor,HP,2021.0,14.0,10.71,9.833333333333334,6.0,40.05
Pavilion 13 Laptop PC,HP,2021.0,14.0,1.31,9.833333333333334,6.0,53.25
Pavilion x360 14 Convertible PC,HP,2021.0,14.0,1.81,9.833333333333334,6.0,52.45
Pavilion x360 15 Convertible PC,HP,2021.0,14.0,2.147,9.833333333333334,6.0,51.25
Pro c640 Chromebook Enterprise G2,HP,2021.0,14.0,1.74,9.833333333333334,6.0,54.45
Pro x360 Fortis 11 inch G9 Notebook PC,HP,2021.0,11.0,1.6,30.0,6.0,48.0
ProBook 445 14 inch G9 Notebook PC,HP,2021.0,14.0,1.7,9.833333333333334,6.0,65.25
ProBook 455 15.6 inch G9 Notebook PC,HP,2021.0,15.6,1.9,30.0,6.0,61.120000000000005
ProBook 635 Aero G8 Notebook PC,HP,2021.0,14.0,1.38,9.833333333333334,6.0,53.25
ProBook Fortis 14 inch G9 Notebook PC,HP,2021.0,14.0,1.9,9.833333333333334,6.0,49.650000000000006
ProBook x360 11 G7 EE,HP,2021.0,14.0,1.801,9.833333333333334,6.0,54.85
Spectre x360 16 inch 2-in-1 Laptop PC,HP,2021.0,16.0,2.8,30.0,6.0,52.88
V19,HP,2021.0,14.0,2.73,9.833333333333334,6.0,42.85
V21,HP,2021.0,14.0,2.7,9.833333333333334,6.0,40.05
V222vb 21.5-inch Monitor,HP,2021.0,14.0,2.8,9.833333333333334,6.0,66.05
V24,HP,2021.0,14.0,3.34,9.833333333333334,6.0,40.05
V241ib 23.8-inch Monitor,HP,2021.0,14.0,3.4,9.833333333333334,6.0,65.73
V27i,HP,2021.0,14.0,4.61,9.833333333333334,6.0,40.05
VICTUS by HP 16 Laptop PC,HP,2021.0,14.0,3.06,9.833333333333334,6.0,43.25
Z22n G2 21.5-inch Monitor,HP,2021.0,14.0,5.49,9.833333333333334,6.0,40.05
Z24f G3 FHD Display,HP,2021.0,14.0,5.02,9.833333333333334,6.0,40.05
Z24n G3 WUXGA Display,HP,2021.0,14.0,5.3,9.833333333333334,6.0,40.05
Z24u G3 WUXGA USB-C Display,HP,2021.0,14.0,5.75,9.833333333333334,6.0,40.05
Z25xs G3,HP,2021.0,14.0,6.62,9.833333333333334,6.0,40.05
Z27k G3 4K USB-C Display,HP,2021.0,14.0,6.44,9.833333333333334,6.0,40.05
Z27q G3 QHD Display,HP,2021.0,14.0,6.12,9.833333333333334,6.0,40.05
Z27u G3 QHD USB-C Display,HP,2021.0,14.0,6.44,9.833333333333334,6.0,40.05
Z27xs G3 4K DreamColor Display,HP,2021.0,14.0,8.05,9.833333333333334,6.0,40.05
Z34c G3 Curved USB-C Display,HP,2021.0,14.0,11.6,9.833333333333334,6.0,40.05
Z40c G3 Curved USB-C display,HP,2021.0,14.0,14.5,9.833333333333334,6.0,40.05
ZBook Fury 15.6 Inch G8 Mobile Workstation PC,HP,2021.0,15.6,3.19,30.0,6.0,41.2
ZBook Fury 17.3 Inch G8 Mobile Workstation PC,HP,2021.0,17.3,3.5,30.0,6.0,41.2
ZBook Power G8,HP,2021.0,14.0,2.41,9.833333333333334,6.0,50.05
ZBook Studio 15 G8,HP,2021.0,14.0,2.15,9.833333333333334,6.0,44.45
ZHAN 66 Pro A 14 inch G5 Notebook PC,HP,2021.0,14.0,1.7,9.833333333333334,6.0,65.25
ZHAN 99 Mobile Workstation G3,HP,2021.0,14.0,2.5,9.833333333333334,6.0,50.45
10DQD \xe2\x80\x93 Tiny-in-One 23,Lenovo,2021.0,14.0,7.5,9.833333333333334,6.0,53.57
B40-45,Lenovo,2021.0,14.0,2.1,9.833333333333334,6.0,56.61
B50-45,Lenovo,2021.0,14.0,2.3,9.833333333333334,6.0,55.41
C22-10/D22-10,Lenovo,2021.0,14.0,4.46,9.833333333333334,6.0,52.93000000000001
C24-10/D24-10,Lenovo,2021.0,14.0,5.26,9.833333333333334,6.0,52.61
C24-17/D24-17,Lenovo,2021.0,14.0,4.0,9.833333333333334,6.0,52.61
C24-20. C24-25. D24-20,Lenovo,2021.0,14.0,3.01,9.833333333333334,6.0,51.97
C32qc-20/D32qc-20,Lenovo,2021.0,14.0,7.36,9.833333333333334,6.0,40.05
Chromebook C330,Lenovo,2021.0,14.0,1.3,9.833333333333334,6.0,64.37
Chromebook C340-15,Lenovo,2021.0,14.0,1.95,9.833333333333334,6.0,54.61
Chromebook S330,Lenovo,2021.0,14.0,1.4395,9.833333333333334,6.0,63.17
D22-17,Lenovo,2021.0,14.0,4.46,9.833333333333334,6.0,52.29
D27-20/C27-20,Lenovo,2021.0,14.0,4.82,9.833333333333334,6.0,50.769999999999996
D32q-20/C32q-20,Lenovo,2021.0,14.0,7.16,9.833333333333334,6.0,40.05
Ducati 5,Lenovo,2021.0,14.0,1.4,9.833333333333334,6.0,61.49
E1992 Wide,Lenovo,2021.0,14.0,3.96,9.833333333333334,6.0,57.09
E2013 Wide,Lenovo,2013.0,14.0,4.45,30.0,6.0,57.44
E2323 Wide,Lenovo,2021.0,14.0,5.16,9.833333333333334,6.0,51.97
E41-10,Lenovo,2021.0,14.0,2.1,9.833333333333334,6.0,52.21000000000001
E41-15,Lenovo,2021.0,14.0,2.1,9.833333333333334,6.0,53.489999999999995
E41-45,Lenovo,2021.0,14.0,1.65,9.833333333333334,6.0,59.49
E42-80.Lenovo V510-14ISK.Lenovo V510-14IKB,Lenovo,2021.0,14.0,2.0,9.833333333333334,6.0,51.09
E52-80.Lenovo V510-15ISK.Lenovo V510-15IKB,Lenovo,2021.0,14.0,2.1,9.833333333333334,6.0,50.05
Flex 5G-14/Yoga 5G-14,Lenovo,2021.0,14.0,1.3,9.833333333333334,6.0,59.97
G24-10,Lenovo,2021.0,14.0,4.95,9.833333333333334,6.0,50.93000000000001
G25-10,Lenovo,2021.0,14.0,6.55,9.833333333333334,6.0,52.61
G32qc-10,Lenovo,2021.0,14.0,7.7,9.833333333333334,6.0,42.85
G34w-10,Lenovo,2021.0,14.0,8.1,9.833333333333334,6.0,42.05
IdeaCentre 3 AIO,Lenovo,2021.0,14.0,3.3,9.833333333333334,6.0,56.61
IdeaCentre 3 SFF,Lenovo,2021.0,14.0,4.36,9.833333333333334,6.0,40.05
ideacentre 310 Tower,Lenovo,2021.0,14.0,4.1344562068965525,9.833333333333334,6.0,40.05
ideacentre 310S SFF,Lenovo,2021.0,14.0,4.1344562068965525,9.833333333333334,6.0,40.05
IdeaCentre 5 Gaming,Lenovo,2021.0,14.0,11.6,9.833333333333334,6.0,54.21000000000001
IdeaCentre 5,Lenovo,2021.0,14.0,7.6,9.833333333333334,6.0,40.05
ideacentre 510 Tower,Lenovo,2021.0,14.0,4.1344562068965525,9.833333333333334,6.0,40.05
ideacentre 510S Desktop,Lenovo,2021.0,14.0,4.35,9.833333333333334,6.0,40.05
ideacentre 510S SFF,Lenovo,2021.0,14.0,4.1344562068965525,9.833333333333334,6.0,40.05
ideacentre 510S-08ISH,Lenovo,2021.0,14.0,4.1344562068965525,9.833333333333334,6.0,40.05
ideacentre 610S-02ISH,Lenovo,2021.0,14.0,4.1344562068965525,9.833333333333334,6.0,40.05
ideacentre 720-18IKL,Lenovo,2021.0,14.0,4.1344562068965525,9.833333333333334,6.0,40.05
IdeaCentre A540-24,Lenovo,2021.0,14.0,7.4,9.833333333333334,6.0,40.05
IdeaCentre AIO 3 22,Lenovo,2021.0,14.0,5.5,9.833333333333334,6.0,40.05
IdeaCentre AIO 3 24,Lenovo,2021.0,14.0,6.0,9.833333333333334,6.0,40.05
IdeaCentre AIO 3 27,Lenovo,2021.0,14.0,8.3,9.833333333333334,6.0,40.05
ideacentre AIO 310-20,Lenovo,2021.0,14.0,3.09,9.833333333333334,6.0,41.97
IdeaCentre AIO 5 24,Lenovo,2021.0,14.0,7.4,9.833333333333334,6.0,40.05
IdeaCentre AIO 5 27,Lenovo,2021.0,14.0,10.9,9.833333333333334,6.0,40.05
ideacentre AIO 910-27ISH,Lenovo,2021.0,14.0,4.1344562068965525,9.833333333333334,6.0,40.05
IdeaCentre Creator 5,Lenovo,2021.0,14.0,11.6,9.833333333333334,6.0,54.21000000000001
IdeaCentre Gaming 5 AMD,Lenovo,2021.0,14.0,7.7,9.833333333333334,6.0,40.05
IdeaCentre Mini 5 Tiny,Lenovo,2021.0,14.0,1.478,9.833333333333334,6.0,50.45
IdeaCentre T540 Gaming,Lenovo,2021.0,14.0,6.0,9.833333333333334,6.0,40.05
IdeaCentre T540GE,Lenovo,2021.0,14.0,6.0,9.833333333333334,6.0,40.05
ideacentre Y710-15ISH,Lenovo,2021.0,14.0,9.1,9.833333333333334,6.0,40.05
ideacentre Y720 Cube-15ISH,Lenovo,2021.0,14.0,9.1,9.833333333333334,6.0,40.05
ideacentre Y900 RE-34ISZ,Lenovo,2021.0,14.0,16.0,9.833333333333334,6.0,40.05
IdeaCentre_A540-27 AIO,Lenovo,2021.0,14.0,10.9,9.833333333333334,6.0,40.05
ideapad  D330-10,Lenovo,2021.0,14.0,0.6,9.833333333333334,6.0,61.17
IdeaPad 1 14,Lenovo,2021.0,14.0,1.88,9.833333333333334,6.0,63.41
IdeaPad 1-14,Lenovo,2021.0,14.0,1.88,9.833333333333334,6.0,60.53
ideapad 110-14IBR,Lenovo,2021.0,14.0,2.0,9.833333333333334,6.0,45.97
ideapad 110-15/TianYi 310-15,Lenovo,2021.0,14.0,1.94,9.833333333333334,6.0,53.489999999999995
ideapad 110-15ACL,Lenovo,2021.0,14.0,2.2,9.833333333333334,6.0,44.69
ideapad 110-15IBR,Lenovo,2021.0,14.0,2.2,9.833333333333334,6.0,45.17
ideapad 120S-11,Lenovo,2021.0,14.0,1.21,9.833333333333334,6.0,59.650000000000006
ideapad 130-14,Lenovo,2021.0,14.0,1.5,9.833333333333334,6.0,61.17
ideapad 130-15 AMD,Lenovo,2021.0,14.0,2.13,9.833333333333334,6.0,53.650000000000006
ideapad 130-15 Intel,Lenovo,2021.0,14.0,2.13,9.833333333333334,6.0,55.25
IdeaPad 3 17/Lenovo V17,Lenovo,2021.0,14.0,2.45,9.833333333333334,6.0,59.97
IdeaPad 3 Chromebook 11 AMD,Lenovo,2021.0,14.0,1.12,9.833333333333334,6.0,61.57
IdeaPad 3 Chromebook 11,Lenovo,2021.0,14.0,1.05,9.833333333333334,6.0,63.09
IdeaPad 3 Chromebook 14,Lenovo,2021.0,14.0,1.418,9.833333333333334,6.0,64.13
IdeaPad 3-14/Lenovo V14,Lenovo,2021.0,14.0,1.6,9.833333333333334,6.0,63.25
IdeaPad 3-15/Lenovo V15,Lenovo,2021.0,14.0,1.85,9.833333333333334,6.0,62.21
ideapad 310 Touch-15ISK,Lenovo,2021.0,14.0,2.15,9.833333333333334,6.0,52.93000000000001
ideapad 310-14ISK,Lenovo,2021.0,14.0,1.95,9.833333333333334,6.0,54.370000000000005
ideapad 310-15ISK,Lenovo,2021.0,14.0,2.15,9.833333333333334,6.0,52.93000000000001
ideapad 310S-15IKB,Lenovo,2021.0,14.0,2.074,9.833333333333334,6.0,46.61
IdeaPad 320S-15,Lenovo,2021.0,14.0,2.074,9.833333333333334,6.0,57.730000000000004
IdeaPad 5 14/Lenovo Xiao Xin Air-14 2020,Lenovo,2020.0,14.0,1.4,30.0,6.0,55.44
IdeaPad 5-15,Lenovo,2021.0,14.0,1.7,9.833333333333334,6.0,61.49
ideapad 510-15ISK,Lenovo,2021.0,14.0,2.15,9.833333333333334,6.0,52.93000000000001
ideapad 510S-13IKB,Lenovo,2021.0,14.0,1.5,9.833333333333334,6.0,46.61
ideapad 510S-14ISK,Lenovo,2021.0,14.0,1.7,9.833333333333334,6.0,46.29
ideapad 520-15,Lenovo,2021.0,14.0,2.2,9.833333333333334,6.0,56.45
ideapad 530S-14/XiaoXin Air 14,Lenovo,2021.0,14.0,1.67,9.833333333333334,6.0,58.93000000000001
ideapad 700-15ISK,Lenovo,2021.0,14.0,2.3,9.833333333333334,6.0,46.85
ideapad 700-17ISK,Lenovo,2021.0,14.0,2.7,9.833333333333334,6.0,45.25
ideapad 710S Plus-13,Lenovo,2021.0,14.0,1.25,9.833333333333334,6.0,43.57
ideapad 720-15,Lenovo,2021.0,14.0,2.2,9.833333333333334,6.0,46.05
ideapad 720S-14,Lenovo,2021.0,14.0,1.46,9.833333333333334,6.0,56.61
IdeaPad 730S-13/Yoga S730-13 2nd Gen,Lenovo,2021.0,14.0,1.88,9.833333333333334,6.0,60.13
IdeaPad C340-14/Flex-14 2nd Gen,Lenovo,2021.0,14.0,1.6,9.833333333333334,6.0,56.93000000000001
IdeaPad C340-14/FLEX-14,Lenovo,2021.0,14.0,1.6,9.833333333333334,6.0,62.69
IdeaPad C340-15/FLEX-15,Lenovo,2021.0,14.0,2.2,9.833333333333334,6.0,55.25
IdeaPad C340-15/IdeaPad Flex-15,Lenovo,2021.0,14.0,2.2,9.833333333333334,6.0,55.49
IdeaPad Flex 14,Lenovo,2021.0,14.0,2.0,9.833333333333334,6.0,56.61
IdeaPad Flex 3 11,Lenovo,2021.0,14.0,1.1265,9.833333333333334,6.0,62.61
IdeaPad Flex 3 Chromebook 11,Lenovo,2021.0,14.0,1.2115,9.833333333333334,6.0,65.17
IdeaPad Flex 5 14,Lenovo,2021.0,14.0,1.4,9.833333333333334,6.0,58.61
IdeaPad Flex 5 15,Lenovo,2021.0,14.0,1.82,9.833333333333334,6.0,55.97
IdeaPad Flex 5 Chromebook 13,Lenovo,2021.0,14.0,1.336,9.833333333333334,6.0,60.69
IdeaPad Gaming 3 15,Lenovo,2021.0,14.0,2.2,9.833333333333334,6.0,58.69
IdeaPad Gaming 3-15/IdeaPad Creator 5-15,Lenovo,2021.0,14.0,2.2,9.833333333333334,6.0,62.45
IdeaPad L3 15,Lenovo,2021.0,14.0,2.1,9.833333333333334,6.0,58.05
ideapad MIIX 510-12ISK,Lenovo,2021.0,14.0,1.24,9.833333333333334,6.0,53.17
ideapad S130-11,Lenovo,2021.0,14.0,1.22,9.833333333333334,6.0,60.69
ideapad S130-14,Lenovo,2021.0,14.0,1.47,9.833333333333334,6.0,56.69
IdeaPad S145-14,Lenovo,2021.0,14.0,1.6,9.833333333333334,6.0,60.21
IdeaPad S145-14/Lenovo V14,Lenovo,2021.0,14.0,1.6,9.833333333333334,6.0,63.010000000000005
IdeaPad S145-15,Lenovo,2021.0,14.0,1.85,9.833333333333334,6.0,58.769999999999996
IdeaPad S145-15/Lenovo V15,Lenovo,2021.0,14.0,1.85,9.833333333333334,6.0,62.05
IdeaPad S340-13,Lenovo,2021.0,14.0,1.2,9.833333333333334,6.0,65.33
IdeaPad S340-14,Lenovo,2021.0,14.0,1.6,9.833333333333334,6.0,56.290000000000006
IdeaPad S340-15 Series/XiaoXin-15,Lenovo,2021.0,14.0,1.9,9.833333333333334,6.0,53.25
IdeaPad S540-13/XiaoXin Pro-13 2019,Lenovo,2019.0,14.0,1.4,30.0,6.0,54.88
IdeaPad S540-14 Series 2nd Gen/YangTian Air-14,Lenovo,2021.0,14.0,1.55,9.833333333333334,6.0,60.45
IdeaPad S540-15,Lenovo,2021.0,14.0,1.91,9.833333333333334,6.0,56.61
Ideapad S740-14/Yoga S740-14/XiaoXin Pro-14,Lenovo,2021.0,14.0,1.45,9.833333333333334,6.0,60.370000000000005
IdeaPad S940-14/Yoga S940-14,Lenovo,2021.0,14.0,1.2,9.833333333333334,6.0,58.69
IdeaPad Slim 7 15/Yoga Slim 7 15,Lenovo,2021.0,14.0,1.925,9.833333333333334,6.0,53.730000000000004
IdeaPad Slim 7-15/Yoga Slim 7-15,Lenovo,2021.0,14.0,1.71,9.833333333333334,6.0,59.010000000000005
L22e-20,Lenovo,2021.0,14.0,4.07,9.833333333333334,6.0,49.33
L23i-18,Lenovo,2021.0,14.0,4.78,9.833333333333334,6.0,40.05
L24q-30,Lenovo,2021.0,14.0,5.25,9.833333333333334,6.0,48.45
L27q-30,Lenovo,2021.0,14.0,6.49,9.833333333333334,6.0,46.93
L28u-30,Lenovo,2021.0,14.0,5.2,9.833333333333334,6.0,55.650000000000006
Legion 5 15\xe2\x80\x9d,Lenovo,2021.0,14.0,2.5,9.833333333333334,6.0,50.61
Legion 5 17\xe2\x80\x9d,Lenovo,2021.0,14.0,2.7,9.833333333333334,6.0,45.730000000000004
Legion C730 Cube,Lenovo,2021.0,14.0,9.8,9.833333333333334,6.0,40.05
Legion R5 Tower,Lenovo,2021.0,14.0,9.8,9.833333333333334,6.0,40.05
Legion T5 Tower,Lenovo,2021.0,14.0,9.8,9.833333333333334,6.0,40.05
Legion T7/Legion CT7,Lenovo,2021.0,14.0,19.0,9.833333333333334,6.0,40.05
Legion Y25-25,Lenovo,2021.0,14.0,5.59,9.833333333333334,6.0,40.05
Legion Y530-15,Lenovo,2021.0,14.0,2.3,9.833333333333334,6.0,51.57
Legion Y740S-15/Legion Y9000X,Lenovo,2021.0,14.0,1.72,9.833333333333334,6.0,43.57
Li2264d,Lenovo,2021.0,14.0,4.43,9.833333333333334,6.0,40.05
LI2364d,Lenovo,2021.0,14.0,4.78,9.833333333333334,6.0,55.33
LI2821 Wide,Lenovo,2021.0,14.0,7.5,9.833333333333334,6.0,40.05
LT2223d Wide,Lenovo,2021.0,14.0,7.81,9.833333333333334,6.0,59.17
LT2223p Wide,Lenovo,2021.0,14.0,7.5,9.833333333333334,6.0,53.410000000000004
LT2423 Wide,Lenovo,2021.0,14.0,7.5,9.833333333333334,6.0,57.010000000000005
LT2934z Wide,Lenovo,2021.0,14.0,7.5,9.833333333333334,6.0,40.05
LT3053p,Lenovo,2021.0,14.0,11.0,9.833333333333334,6.0,40.05
Miix 630-12,Lenovo,2021.0,14.0,2.1,9.833333333333334,6.0,56.370000000000005
Miix 720,Lenovo,2021.0,14.0,1.34,9.833333333333334,6.0,45.410000000000004
N22-20 Touch Chromebook,Lenovo,2021.0,14.0,1.25,9.833333333333334,6.0,60.21
N22,Lenovo,2021.0,14.0,1.0,9.833333333333334,6.0,56.370000000000005
N23 Chromebook,Lenovo,2021.0,14.0,1.25,9.833333333333334,6.0,46.05
N24/Lenovo 300e,Lenovo,2021.0,14.0,1.43,9.833333333333334,6.0,61.49
N42-20 Chromebook,Lenovo,2021.0,14.0,1.5,9.833333333333334,6.0,51.09
P24h-10,Lenovo,2021.0,14.0,5.69,9.833333333333334,6.0,40.05
Q24h-10,Lenovo,2021.0,14.0,4.1344562068965525,9.833333333333334,6.0,53.33
Q27h-10,Lenovo,2021.0,14.0,5.89,9.833333333333334,6.0,47.410000000000004
S24q-10,Lenovo,2021.0,14.0,5.1,9.833333333333334,6.0,48.53
S27i-10,Lenovo,2021.0,14.0,6.8,9.833333333333334,6.0,47.97
S510,Lenovo,2021.0,14.0,4.1344562068965525,8.0,6.0,40.599999999999994
S510,Lenovo,2021.0,14.0,4.1344562068965525,8.0,6.0,40.599999999999994
Smart Tab M8,Lenovo,2021.0,14.0,0.305,9.833333333333334,6.0,75.09
T2224d,Lenovo,2021.0,14.0,4.17,9.833333333333334,6.0,56.45
T2224dA,Lenovo,2021.0,14.0,4.17,9.833333333333334,6.0,59.57
T22i-10,Lenovo,2021.0,14.0,7.42,9.833333333333334,6.0,40.05
T2324d,Lenovo,2021.0,14.0,4.7,9.833333333333334,6.0,59.57
T2324pA,Lenovo,2021.0,14.0,7.5,9.833333333333334,6.0,43.33
T2364pA(ThinkVision T2364p),Lenovo,2021.0,14.0,5.15,9.833333333333334,6.0,40.05
T2364tA(ThinkVision T2364t),Lenovo,2021.0,14.0,6.12,9.833333333333334,6.0,40.05
T2424pA,Lenovo,2021.0,14.0,8.06,9.833333333333334,6.0,44.29
T2454pA,Lenovo,2021.0,14.0,7.5,9.833333333333334,6.0,40.05
T24i-10,Lenovo,2021.0,14.0,5.2,9.833333333333334,6.0,51.57
T27p-10,Lenovo,2021.0,14.0,4.1344562068965525,9.833333333333334,6.0,40.05
ThinkBook  Plus,Lenovo,2021.0,14.0,1.45,9.833333333333334,6.0,59.57
ThinkBook 13s,Lenovo,2021.0,14.0,1.36,9.833333333333334,6.0,62.93000000000001
ThinkBook 14,Lenovo,2021.0,14.0,1.62,9.833333333333334,6.0,59.09
ThinkBook 14s AMD,Lenovo,2021.0,14.0,1.48,9.833333333333334,6.0,61.010000000000005
ThinkBook 14s,Lenovo,2021.0,14.0,1.48,9.833333333333334,6.0,62.53
ThinkCentre E93 SFF,Lenovo,2021.0,14.0,7.5,9.833333333333334,6.0,40.05
ThinkCentre E93 Tower,Lenovo,2021.0,14.0,6.9,9.833333333333334,6.0,40.05
ThinkCentre M600,Lenovo,2021.0,14.0,4.1344562068965525,9.833333333333334,6.0,60.290000000000006
ThinkCentre M625q Tiny,Lenovo,2021.0,14.0,1.32,9.833333333333334,6.0,46.05
ThinkCentre M70 All-in-One,Lenovo,2021.0,14.0,7.88,9.833333333333334,6.0,40.05
ThinkCentre M70 SFF,Lenovo,2021.0,14.0,4.1344562068965525,9.833333333333334,6.0,40.05
ThinkCentre M70 Tiny,Lenovo,2021.0,14.0,1.32,9.833333333333334,6.0,42.13
ThinkCentre M70 Tower,Lenovo,2021.0,14.0,4.1344562068965525,9.833333333333334,6.0,40.05
ThinkCentre M700,Lenovo,2021.0,14.0,7.9,9.833333333333334,6.0,40.05
ThinkCentre M700z,Lenovo,2021.0,14.0,9.3,9.833333333333334,6.0,40.05
ThinkCentre M70c SFF,Lenovo,2021.0,14.0,4.06,9.833333333333334,6.0,40.05
ThinkCentre M715 Tiny 2nd Gen,Lenovo,2021.0,14.0,4.1344562068965525,9.833333333333334,6.0,45.97
ThinkCentre M720e SFF,Lenovo,2021.0,14.0,4.5,9.833333333333334,6.0,40.05
ThinkCentre M725 SFF,Lenovo,2021.0,14.0,4.1344562068965525,9.833333333333334,6.0,40.05
ThinkCentre M73 SFF,Lenovo,2021.0,14.0,6.6,9.833333333333334,6.0,40.05
ThinkCentre M73 Tiny,Lenovo,2021.0,14.0,4.14,9.833333333333334,6.0,40.05
ThinkCentre M73 Tower,Lenovo,2021.0,14.0,9.4,9.833333333333334,6.0,40.05
ThinkCentre M75 Nano Fanless,Lenovo,2021.0,14.0,4.1344562068965525,9.833333333333334,6.0,70.014
ThinkCentre M75 Tiny,Lenovo,2021.0,14.0,1.32,9.833333333333334,6.0,41.81
ThinkCentre M75s-1 SFF,Lenovo,2021.0,14.0,4.1344562068965525,9.833333333333334,6.0,40.05
ThinkCentre M80 Tiny,Lenovo,2021.0,14.0,1.32,9.833333333333334,6.0,42.13
ThinkCentre M80 Tower,Lenovo,2021.0,14.0,4.1344562068965525,9.833333333333334,6.0,40.05
ThinkCentre M800z,Lenovo,2021.0,14.0,7.5,9.833333333333334,6.0,40.05
ThinkCentre M80s SFF,Lenovo,2021.0,14.0,4.1344562068965525,9.833333333333334,6.0,40.05
ThinkCentre M820z AIO,Lenovo,2021.0,14.0,7.85,9.833333333333334,6.0,40.05
ThinkCentre M83 SFF,Lenovo,2021.0,14.0,7.8,9.833333333333334,6.0,40.05
ThinkCentre M83 Tiny,Lenovo,2021.0,14.0,4.14,9.833333333333334,6.0,40.05
ThinkCentre M83 Tower,Lenovo,2021.0,14.0,11.2,9.833333333333334,6.0,40.05
ThinkCentre M90 All-in-One,Lenovo,2021.0,14.0,6.45,9.833333333333334,6.0,40.05
ThinkCentre M90 SFF,Lenovo,2021.0,14.0,5.3,9.833333333333334,6.0,40.05
ThinkCentre M90 Tiny,Lenovo,2021.0,14.0,1.32,9.833333333333334,6.0,40.474000000000004
ThinkCentre M90 Tower,Lenovo,2021.0,14.0,4.1344562068965525,9.833333333333334,6.0,40.05
ThinkCentre M900,Lenovo,2021.0,14.0,12.5,9.833333333333334,6.0,40.05
ThinkCentre M900z,Lenovo,2021.0,14.0,10.2,9.833333333333334,6.0,40.05
ThinkCentre M90n Nano IoT,Lenovo,2021.0,14.0,4.1344562068965525,9.833333333333334,6.0,73.73
ThinkCentre M90n Nano,Lenovo,2021.0,14.0,4.1344562068965525,9.833333333333334,6.0,55.25
ThinkCentre M910 SFF,Lenovo,2021.0,14.0,7.6,9.833333333333334,6.0,40.05
ThinkCentre M910 Tiny,Lenovo,2021.0,14.0,4.1344562068965525,9.833333333333334,6.0,53.00344
ThinkCentre M910 Tower,Lenovo,2021.0,14.0,9.8,9.833333333333334,6.0,40.05
ThinkCentre M920 SFF,Lenovo,2021.0,14.0,4.1344562068965525,9.833333333333334,6.0,40.05
ThinkCentre M920 Tiny,Lenovo,2021.0,14.0,4.1344562068965525,9.833333333333334,6.0,60.21
ThinkCentre M920x,Lenovo,2021.0,14.0,4.1344562068965525,9.833333333333334,6.0,52.769999999999996
ThinkCentre M920z AIO,Lenovo,2021.0,14.0,8.854,9.833333333333334,6.0,40.05
ThinkCentre M93/M93p SFF,Lenovo,2021.0,14.0,7.8,9.833333333333334,6.0,40.05
ThinkCentre M93/M93p Tiny,Lenovo,2021.0,14.0,4.14,9.833333333333334,6.0,40.05
ThinkCentre M93/M93p Tower,Lenovo,2021.0,14.0,11.2,9.833333333333334,6.0,40.05
ThinkCentre Tiny-in-One 22 4th Gen Touch,Lenovo,2021.0,14.0,6.58,9.833333333333334,6.0,55.650000000000006
ThinkCentre Tiny-in-One 22 4th Gen,Lenovo,2021.0,14.0,6.78,9.833333333333334,6.0,55.730000000000004
ThinkCentre Tiny-in-One 24 4th Gen Touch,Lenovo,2021.0,14.0,6.66,9.833333333333334,6.0,53.57
ThinkCentre Tiny-in-One 24 4th Gen,Lenovo,2021.0,14.0,6.66,9.833333333333334,6.0,55.41
ThinkPad 10,Lenovo,2021.0,14.0,0.598,9.833333333333334,6.0,68.05
ThinkPad 11e 3rd Gen.ThinkPad Yoga 11e 3rd Gen,Lenovo,2021.0,14.0,1.5,9.833333333333334,6.0,53.730000000000004
ThinkPad 11e Chromebook 3rd Gen.ThinkPad Yoga 11e Chromebook 3rd Gen,Lenovo,2021.0,14.0,1.5,9.833333333333334,6.0,54.29
ThinkPad 11e Chromebook 4th Gen.ThinkPad Yoga 11e Chromebook 4th Gen,Lenovo,2021.0,14.0,1.495,9.833333333333334,6.0,61.49
ThinkPad 11e Yoga 6th Gen,Lenovo,2021.0,14.0,1.38,9.833333333333334,6.0,59.010000000000005
ThinkPad 11e,Lenovo,2021.0,14.0,4.1344562068965525,9.833333333333334,6.0,56.769999999999996
ThinkPad 13 2nd Gen.ThinkPad S2 2nd Gen,Lenovo,2021.0,14.0,1.439,9.833333333333334,6.0,51.730000000000004
ThinkPad 13,Lenovo,2021.0,14.0,1.42,9.833333333333334,6.0,58.290000000000006
ThinkPad 25,Lenovo,2021.0,14.0,1.804,9.833333333333334,6.0,56.370000000000005
ThinkPad 8,Lenovo,2021.0,14.0,4.1344562068965525,9.833333333333334,6.0,67.33
ThinkPad A275,Lenovo,2021.0,14.0,1.58,9.833333333333334,6.0,46.85
ThinkPad A285,Lenovo,2021.0,14.0,1.3,9.833333333333334,6.0,58.53
ThinkPad A475,Lenovo,2021.0,14.0,1.804,9.833333333333334,6.0,49.25
ThinkPad A485,Lenovo,2021.0,14.0,1.65,9.833333333333334,6.0,53.010000000000005
ThinkPad E14,Lenovo,2021.0,14.0,4.1344562068965525,9.833333333333334,6.0,57.97
ThinkPad E14.ThinkPad R14.ThinkPad S3 Gen2,Lenovo,2021.0,14.0,1.67,9.833333333333334,6.0,57.97
ThinkPad E15,Lenovo,2021.0,14.0,1.84,9.833333333333334,6.0,56.05
ThinkPad E450,Lenovo,2021.0,14.0,1.936,9.833333333333334,6.0,54.13
ThinkPad E455,Lenovo,2021.0,14.0,1.936,9.833333333333334,6.0,51.97
ThinkPad E460,Lenovo,2021.0,14.0,2.16,9.833333333333334,6.0,52.85
ThinkPad E465,Lenovo,2021.0,14.0,2.34,9.833333333333334,6.0,40.05
ThinkPad E550,Lenovo,2021.0,14.0,2.49,9.833333333333334,6.0,52.21000000000001
ThinkPad E560,Lenovo,2021.0,14.0,2.34,9.833333333333334,6.0,40.05
ThinkPad E560p.ThinkPad S5,Lenovo,2021.0,14.0,2.36,9.833333333333334,6.0,49.730000000000004
ThinkPad E565,Lenovo,2021.0,14.0,2.34,9.833333333333334,6.0,49.33
ThinkPad E575,Lenovo,2021.0,14.0,2.3,9.833333333333334,6.0,51.89
ThinkPad Edge E145,Lenovo,2021.0,14.0,1.4977,9.833333333333334,6.0,58.21
ThinkPad Edge E431,Lenovo,2021.0,14.0,2.166,9.833333333333334,6.0,53.410000000000004
ThinkPad Edge E440,Lenovo,2021.0,14.0,2.166,9.833333333333334,6.0,56.769999999999996
ThinkPad Edge E445,Lenovo,2021.0,14.0,3.3,9.833333333333334,6.0,40.13
ThinkPad Edge E531,Lenovo,2021.0,14.0,2.166,9.833333333333334,6.0,48.37
ThinkPad Edge E540,Lenovo,2021.0,14.0,2.49,9.833333333333334,6.0,53.730000000000004
ThinkPad Edge E545,Lenovo,2021.0,14.0,3.6,9.833333333333334,6.0,40.05
ThinkPad Helix,Lenovo,2021.0,14.0,11.6,9.833333333333334,6.0,50.93000000000001
ThinkPad L13/S2 5th Gen. L13 Yoga/S2 Yoga 5th Gen,Lenovo,2021.0,14.0,1.44,9.833333333333334,6.0,52.53
ThinkPad L440,Lenovo,2021.0,14.0,2.2,9.833333333333334,6.0,57.81
ThinkPad L450,Lenovo,2021.0,14.0,2.115,9.833333333333334,6.0,53.33
ThinkPad L470,Lenovo,2021.0,14.0,1.91,9.833333333333334,6.0,40.05
ThinkPad L560,Lenovo,2021.0,14.0,2.38,9.833333333333334,6.0,44.769999999999996
ThinkPad P1/ThinkPad X1 Extreme,Lenovo,2021.0,14.0,2.2,9.833333333333334,6.0,52.69
ThinkPad P51,Lenovo,2021.0,14.0,2.93,9.833333333333334,6.0,40.05
ThinkPad P52,Lenovo,2021.0,14.0,2.84,9.833333333333334,6.0,40.21000000000001
ThinkPad P71,Lenovo,2021.0,14.0,3.4,9.833333333333334,6.0,40.05
ThinkPad P72,Lenovo,2021.0,14.0,2.84,9.833333333333334,6.0,43.489999999999995
ThinkPad S1 Yoga,Lenovo,2021.0,14.0,1.648,9.833333333333334,6.0,51.25
ThinkPad S3 Yoga 14,Lenovo,2021.0,14.0,1.88,9.833333333333334,6.0,46.769999999999996
ThinkPad S3-S431,Lenovo,2021.0,14.0,1.447,9.833333333333334,6.0,52.13
ThinkPad S3-S440,Lenovo,2021.0,14.0,1.5,9.833333333333334,6.0,52.69
ThinkPad T440,Lenovo,2021.0,14.0,1.88,9.833333333333334,6.0,55.97
ThinkPad T440s,Lenovo,2021.0,14.0,1.65,9.833333333333334,6.0,54.85
ThinkPad T450s,Lenovo,2021.0,14.0,1.753,9.833333333333334,6.0,42.370000000000005
ThinkPad T460,Lenovo,2021.0,14.0,1.862,9.833333333333334,6.0,51.33
ThinkPad T460s,Lenovo,2021.0,14.0,1.45,9.833333333333334,6.0,43.17
ThinkPad T470,Lenovo,2021.0,14.0,1.804,9.833333333333334,6.0,48.61
ThinkPad T470p,Lenovo,2021.0,14.0,1.817,9.833333333333334,6.0,42.769999999999996
ThinkPad T470s,Lenovo,2021.0,14.0,1.32,9.833333333333334,6.0,44.85
ThinkPad T490,Lenovo,2021.0,14.0,1.431,9.833333333333334,6.0,46.37
ThinkPad T490.ThinkPad P43s,Lenovo,2021.0,14.0,1.431,9.833333333333334,6.0,46.37
ThinkPad T490s,Lenovo,2021.0,14.0,1.27,9.833333333333334,6.0,55.730000000000004
ThinkPad T495,Lenovo,2021.0,14.0,1.546,9.833333333333334,6.0,61.41
ThinkPad T495s,Lenovo,2021.0,14.0,1.63,9.833333333333334,6.0,55.49
ThinkPad T540p,Lenovo,2021.0,14.0,15.6,9.833333333333334,6.0,51.81
ThinkPad T550,Lenovo,2021.0,14.0,2.23,9.833333333333334,6.0,52.45
ThinkPad T560. P50s,Lenovo,2021.0,14.0,2.23,9.833333333333334,6.0,42.05
ThinkPad T590,Lenovo,2021.0,14.0,1.754,9.833333333333334,6.0,45.410000000000004
ThinkPad W540,Lenovo,2021.0,14.0,15.6,9.833333333333334,6.0,43.650000000000006
ThinkPad X1 Carbon 5th Gen,Lenovo,2021.0,14.0,1.14,9.833333333333334,6.0,57.730000000000004
ThinkPad X1 Carbon,Lenovo,2021.0,14.0,1.44,9.833333333333334,6.0,54.85
ThinkPad X1 Yoga 2nd Gen,Lenovo,2021.0,14.0,1.43,9.833333333333334,6.0,53.09
ThinkPad X1 Yoga,Lenovo,2021.0,14.0,1.8,9.833333333333334,6.0,51.650000000000006
ThinkPad X240,Lenovo,2021.0,14.0,1.62,9.833333333333334,6.0,58.05
ThinkPad X240s,Lenovo,2021.0,14.0,1.286,9.833333333333334,6.0,58.370000000000005
ThinkPad X250,Lenovo,2021.0,14.0,1.49,9.833333333333334,6.0,58.53
ThinkPad X260,Lenovo,2021.0,14.0,1.624,9.833333333333334,6.0,48.05
ThinkPad X270,Lenovo,2021.0,14.0,1.58,9.833333333333334,6.0,40.05
ThinkPad X390,Lenovo,2021.0,14.0,1.22,9.833333333333334,6.0,61.730000000000004
ThinkSmart Hub 500,Lenovo,2021.0,14.0,2.5,9.833333333333334,6.0,43.410000000000004
ThinkSmart Hub 700,Lenovo,2021.0,14.0,3.0,9.833333333333334,6.0,56.61
ThinkVision E22-20/T22s-20,Lenovo,2021.0,14.0,3.9,9.833333333333334,6.0,56.45
ThinkVision E24-20/T24s-20,Lenovo,2021.0,14.0,4.8,9.833333333333334,6.0,47.65
ThinkVision L24q-20,Lenovo,2021.0,14.0,4.65,9.833333333333334,6.0,40.05
ThinkVision L27q-20,Lenovo,2021.0,14.0,7.17,9.833333333333334,6.0,40.05
ThinkVision L27q,Lenovo,2021.0,14.0,7.5,9.833333333333334,6.0,44.53
ThinkVision M14t,Lenovo,2021.0,14.0,0.698,9.833333333333334,6.0,63.010000000000005
ThinkVision M14t,Lenovo,2021.0,14.0,0.698,9.833333333333334,6.0,63.010000000000005
ThinkVision M14t,Lenovo,2021.0,14.0,0.698,9.833333333333334,6.0,63.010000000000005
ThinkVision P24h-20/T24h-20,Lenovo,2021.0,14.0,6.18,9.833333333333334,6.0,54.05
ThinkVision P24q-20,Lenovo,2021.0,14.0,6.18,9.833333333333334,6.0,51.410000000000004
ThinkVision P24q,Lenovo,2021.0,14.0,5.56,9.833333333333334,6.0,51.89
ThinkVision P27q-20,Lenovo,2021.0,14.0,7.12,9.833333333333334,6.0,49.33
ThinkVision P32p-20,Lenovo,2021.0,14.0,10.21,9.833333333333334,6.0,40.05
ThinkVision Q24i-10,Lenovo,2021.0,14.0,6.24,9.833333333333334,6.0,44.69
ThinkVision Q27q-10,Lenovo,2021.0,14.0,7.33,9.833333333333334,6.0,40.05
ThinkVision S27q-10,Lenovo,2021.0,14.0,6.36,9.833333333333334,6.0,47.410000000000004
ThinkVision S28u-10,Lenovo,2021.0,14.0,5.2,9.833333333333334,6.0,55.650000000000006
ThinkVision T2224dA,Lenovo,2021.0,14.0,2.94,9.833333333333334,6.0,51.489999999999995
V110-17ISK,Lenovo,2021.0,14.0,2.79,9.833333333333334,6.0,47.410000000000004
V30 AIO,Lenovo,2021.0,14.0,9.725,9.833333333333334,6.0,40.05
V310-14ISK,Lenovo,2021.0,14.0,2.0,9.833333333333334,6.0,49.25
V310-15ISK,Lenovo,2021.0,14.0,2.1,9.833333333333334,6.0,47.489999999999995
V320-17,Lenovo,2021.0,14.0,2.8,9.833333333333334,6.0,46.05
V330-15/E53-80,Lenovo,2021.0,14.0,1.9,9.833333333333334,6.0,51.489999999999995
V35 SFF,Lenovo,2021.0,14.0,3.3,9.833333333333334,6.0,56.61
V410z,Lenovo,2021.0,14.0,6.87,9.833333333333334,6.0,40.05
V50 All-in-One 22,Lenovo,2021.0,14.0,5.96,9.833333333333334,6.0,40.05
V50 All-in-One 24,Lenovo,2021.0,14.0,6.8,9.833333333333334,6.0,40.05
V50s SFF,Lenovo,2021.0,14.0,4.3,9.833333333333334,6.0,40.05
V50t Tower,Lenovo,2021.0,14.0,4.8,9.833333333333334,6.0,40.05
V510z AIO,Lenovo,2021.0,14.0,6.39,9.833333333333334,6.0,40.05
V520 SFF,Lenovo,2021.0,14.0,5.2,9.833333333333334,6.0,40.05
V530 SFF,Lenovo,2021.0,14.0,4.2,9.833333333333334,6.0,40.05
V530 Tower,Lenovo,2021.0,14.0,4.1344562068965525,9.833333333333334,6.0,40.05
V530-22 AIO,Lenovo,2021.0,14.0,6.22,9.833333333333334,6.0,40.05
V530-24 AIO,Lenovo,2021.0,14.0,6.92,9.833333333333334,6.0,40.05
V530S Desktop,Lenovo,2021.0,14.0,4.2,9.833333333333334,6.0,40.05
V55 Tower,Lenovo,2021.0,14.0,6.85,9.833333333333334,6.0,40.05
V720-14,Lenovo,2021.0,14.0,1.46,9.833333333333334,6.0,59.89
Y720-15,Lenovo,2021.0,14.0,3.0,9.833333333333334,6.0,45.089999999999996
YOGA 520-14/FLEX 5-14,Lenovo,2021.0,14.0,1.8,9.833333333333334,6.0,55.57
YOGA 710-11ISK,Lenovo,2021.0,14.0,1.07,9.833333333333334,6.0,48.93
YOGA 710-15ISK,Lenovo,2021.0,14.0,1.89,9.833333333333334,6.0,47.65
YOGA 720,Lenovo,2021.0,14.0,1.3,9.833333333333334,6.0,55.09
YOGA 900-13ISK2,Lenovo,2021.0,14.0,1.4,9.833333333333334,6.0,47.33
YOGA 910-13IKB,Lenovo,2021.0,14.0,1.4,9.833333333333334,6.0,47.33
YOGA 920. Lenovo YOGA 920 Glass,Lenovo,2021.0,14.0,1.35,9.833333333333334,6.0,50.85
Yoga Book C930,Lenovo,2021.0,14.0,0.881,9.833333333333334,6.0,64.69
Yoga C640-13 LTE,Lenovo,2021.0,14.0,1.3,9.833333333333334,6.0,64.05
Yoga C640-13,Lenovo,2021.0,14.0,1.3,9.833333333333334,6.0,64.05
Yoga C740-14,Lenovo,2021.0,14.0,1.35,9.833333333333334,6.0,62.370000000000005
Yoga C740-15,Lenovo,2021.0,14.0,1.9,9.833333333333334,6.0,60.61
Yoga C940-14/C940-14 BE,Lenovo,2021.0,14.0,1.35,9.833333333333334,6.0,56.769999999999996
Yoga C940-15,Lenovo,2021.0,14.0,2.0,9.833333333333334,6.0,50.85
YOGA Chromebook C630,Lenovo,2021.0,14.0,1.2,9.833333333333334,6.0,63.17
Yoga Creator 7 15,Lenovo,2021.0,14.0,1.925,9.833333333333334,6.0,53.730000000000004
Yoga S740-15/IdeaPad S740-15/S740-15 Touch,Lenovo,2021.0,14.0,2.0,9.833333333333334,6.0,48.53
Yoga Slim 7-14/IdeaPad Slim 7-14,Lenovo,2021.0,14.0,1.44,9.833333333333334,6.0,61.010000000000005
B3340dw,Lexmark,2021.0,14.0,4.1344562068965525,9.833333333333334,6.0,40.05
B3442dw,Lexmark,2021.0,14.0,4.1344562068965525,9.833333333333334,6.0,40.05
C3224dw,Lexmark,2021.0,14.0,4.1344562068965525,9.833333333333334,6.0,40.05
C3326dw,Lexmark,2021.0,14.0,4.1344562068965525,9.833333333333334,6.0,40.05
C3426dwe,Lexmark,2021.0,14.0,4.1344562068965525,9.833333333333334,6.0,40.05
CX924dxe,Lexmark,2021.0,14.0,4.1344562068965525,9.833333333333334,6.0,40.05
MB3442adwe,Lexmark,2021.0,14.0,4.1344562068965525,9.833333333333334,6.0,40.05
MC3224dwe,Lexmark,2021.0,14.0,4.1344562068965525,9.833333333333334,6.0,40.05
MC3326adwe,Lexmark,2021.0,14.0,4.1344562068965525,9.833333333333334,6.0,40.05
MC3426adwe,Lexmark,2021.0,14.0,4.1344562068965525,9.833333333333334,6.0,40.05
MX331adne,Lexmark,2021.0,14.0,4.1344562068965525,9.833333333333334,6.0,40.05
Surface Book 2  13.5-inch display,Microsoft,2021.0,14.0,1.534,9.833333333333334,6.0,55.41
Surface Book 2  15-inch display,Microsoft,2021.0,14.0,1.905,9.833333333333334,6.0,50.45
Surface Book 3  13.5-inch display,Microsoft,2021.0,14.0,4.1344562068965525,9.833333333333334,6.0,55.81
Surface Book 3  15-inch display,Microsoft,2021.0,14.0,4.1344562068965525,9.833333333333334,6.0,46.37
Surface Duo 2,Microsoft,2021.0,14.0,0.284,9.833333333333334,6.0,72.522
Surface Duo,Microsoft,2021.0,14.0,4.1344562068965525,9.833333333333334,2.0,66.034
Surface Go 2,Microsoft,2021.0,14.0,4.1344562068965525,9.833333333333334,6.0,71.49
Surface Go 3,Microsoft,2021.0,14.0,4.1344562068965525,9.833333333333334,6.0,71.57
Surface Go,Microsoft,2021.0,14.0,4.1344562068965525,9.833333333333334,6.0,72.546
Surface Hub 2S 50 50-inch display,Microsoft,2021.0,14.0,4.1344562068965525,9.833333333333334,6.0,40.05
Surface Hub 2S 85in,Microsoft,2021.0,14.0,4.1344562068965525,9.833333333333334,6.0,40.05
Surface Laptop 2,Microsoft,2021.0,14.0,4.1344562068965525,9.833333333333334,6.0,67.89
Surface Laptop 3 13.5-inch display Alcantara® palm rest,Microsoft,2021.0,14.0,4.1344562068965525,9.833333333333334,6.0,69.89
Surface Laptop 3 13.5-inch display metal palm rest,Microsoft,2021.0,14.0,4.1344562068965525,9.833333333333334,6.0,69.01
Surface Laptop 3 15-inch display Alcantara® palm rest,Microsoft,2021.0,14.0,1.489,9.833333333333334,6.0,65.81
Surface Laptop 3 15-inch display metal palm rest,Microsoft,2021.0,14.0,1.542,9.833333333333334,6.0,65.57
Surface Laptop 4 13.5-inch display Alcantara® palm rest,Microsoft,2021.0,14.0,4.1344562068965525,9.833333333333334,6.0,68.45
Surface Laptop 4 13.5-inch display metal palm rest,Microsoft,2021.0,14.0,4.1344562068965525,9.833333333333334,6.0,66.85
Surface Laptop 4 15-inch display metal palm rest,Microsoft,2021.0,14.0,4.1344562068965525,9.833333333333334,6.0,64.13
Surface Laptop Go 2,Microsoft,2021.0,14.0,4.1344562068965525,9.833333333333334,6.0,70.85
Surface Laptop Go,Microsoft,2021.0,14.0,4.1344562068965525,9.833333333333334,6.0,70.37
Surface Laptop SE,Microsoft,2021.0,14.0,4.1344562068965525,9.833333333333334,6.0,71.97
Surface Laptop Studio,Microsoft,2021.0,14.0,4.1344562068965525,9.833333333333334,6.0,63.09
Surface Laptop,Microsoft,2021.0,14.0,4.1344562068965525,9.833333333333334,2.0,59.89
Surface Pro (5th Gen),Microsoft,2021.0,14.0,4.1344562068965525,9.833333333333334,6.0,70.37
Surface Pro 6,Microsoft,2021.0,14.0,4.1344562068965525,9.833333333333334,1.0,60.85
Surface Pro 7,Microsoft,2021.0,14.0,4.1344562068965525,9.833333333333334,6.0,66.93
Surface Pro 7+,Microsoft,2021.0,14.0,4.1344562068965525,9.833333333333334,6.0,65.57
Surface Pro 8,Microsoft,2021.0,14.0,0.891,9.833333333333334,6.0,68.77
Surface Pro X,Microsoft,2021.0,14.0,0.774,9.833333333333334,6.0,70.77
Surface Studio 2,Microsoft,2021.0,14.0,4.1344562068965525,13.5,6.0,38.95
Surface Studio,Microsoft,2021.0,14.0,4.1344562068965525,9.833333333333334,6.0,40.05
Galaxy A12 (SM-A127F),Samsung,2021.0,14.0,0.29,9.833333333333334,6.0,78.41000000000001
Galaxy Note20 Ultra (SM-N986B),Samsung,2021.0,14.0,0.304,9.833333333333334,6.0,77.674
Galaxy S20 FE (SM-G781B),Samsung,2021.0,14.0,0.253,9.833333333333334,6.0,78.05
Galaxy Tab Active Pro (SM-T545),Samsung,2021.0,14.0,0.948,9.833333333333334,6.0,75.026
Galaxy Tab S7 (SM-T875),Samsung,2021.0,14.0,0.574,9.833333333333334,6.0,76.194
Galaxy Tab S7+ (SM-T976B),Samsung,2021.0,14.0,0.644,9.833333333333334,6.0,75.95400000000001
Galaxy Z Fold3 (SM-F926B),Samsung,2021.0,14.0,0.29,9.833333333333334,6.0,77.46600000000001
